/* 
	Civilizations Expanded: Matthias Corvinus Leader Ability (Ethiopia DLC activated)
	Author: p0kiehl
*/
--=============================================================================================================
-- LEADER UNIQUE ABILITY: RAVEN KING (ENHANCEMENT)
--=============================================================================================================
-- Receive +1 to all type bonuses from City-State tributaries.
--=============================================================================================================
-- Requirements
---------------------------------------------------------------------------------------------------------------
INSERT INTO Requirements
		(RequirementId,											RequirementType)
VALUES	('P0K_HUNGARY_REQUIRES_LEADER_IS_MATTHIAS_CORVINUS',	'REQUIREMENT_PLAYER_LEADER_TYPE_MATCHES');
---------------------------------------------------------------------------------------------------------------
-- RequirementArguments
---------------------------------------------------------------------------------------------------------------
INSERT INTO RequirementArguments
		(RequirementId,											Name,			Value)
VALUES	('P0K_HUNGARY_REQUIRES_LEADER_IS_MATTHIAS_CORVINUS',	'LeaderType',	'LEADER_MATTHIAS_CORVINUS');
---------------------------------------------------------------------------------------------------------------
-- RequirementSets
---------------------------------------------------------------------------------------------------------------
INSERT INTO RequirementSets
		(RequirementSetId,									RequirementSetType)
VALUES	('P0K_HUNGARY_MATTHIAS_SUZERAIN_SMALL_INFLUENCE',	'REQUIREMENTSET_TEST_ALL'),
		('P0K_HUNGARY_MATTHIAS_SUZERAIN_MEDIUM_INFLUENCE',	'REQUIREMENTSET_TEST_ALL'),
		('P0K_HUNGARY_MATTHIAS_SUZERAIN_LARGE_INFLUENCE',	'REQUIREMENTSET_TEST_ALL');
---------------------------------------------------------------------------------------------------------------
-- RequirementSetRequirements
---------------------------------------------------------------------------------------------------------------
INSERT INTO RequirementSetRequirements
		(RequirementSetId,									RequirementId)
VALUES	('P0K_HUNGARY_MATTHIAS_SUZERAIN_SMALL_INFLUENCE',	'P0K_HUNGARY_REQUIRES_LEADER_IS_MATTHIAS_CORVINUS'),
		('P0K_HUNGARY_MATTHIAS_SUZERAIN_SMALL_INFLUENCE',	'REQUIRES_PLAYER_IS_SUZERAIN'),
		('P0K_HUNGARY_MATTHIAS_SUZERAIN_SMALL_INFLUENCE',	'REQUIRES_PLAYER_AT_PEACE'),
		('P0K_HUNGARY_MATTHIAS_SUZERAIN_SMALL_INFLUENCE',	'REQUIRES_PLAYER_HAS_SMALL_INFLUENCE'),
		('P0K_HUNGARY_MATTHIAS_SUZERAIN_MEDIUM_INFLUENCE',	'P0K_HUNGARY_REQUIRES_LEADER_IS_MATTHIAS_CORVINUS'),
		('P0K_HUNGARY_MATTHIAS_SUZERAIN_MEDIUM_INFLUENCE',	'REQUIRES_PLAYER_IS_SUZERAIN'),
		('P0K_HUNGARY_MATTHIAS_SUZERAIN_MEDIUM_INFLUENCE',	'REQUIRES_PLAYER_AT_PEACE'),
		('P0K_HUNGARY_MATTHIAS_SUZERAIN_MEDIUM_INFLUENCE',	'REQUIRES_PLAYER_HAS_MEDIUM_INFLUENCE'),
		('P0K_HUNGARY_MATTHIAS_SUZERAIN_LARGE_INFLUENCE',	'P0K_HUNGARY_REQUIRES_LEADER_IS_MATTHIAS_CORVINUS'),
		('P0K_HUNGARY_MATTHIAS_SUZERAIN_LARGE_INFLUENCE',	'REQUIRES_PLAYER_IS_SUZERAIN'),
		('P0K_HUNGARY_MATTHIAS_SUZERAIN_LARGE_INFLUENCE',	'REQUIRES_PLAYER_AT_PEACE'),
		('P0K_HUNGARY_MATTHIAS_SUZERAIN_LARGE_INFLUENCE',	'REQUIRES_PLAYER_HAS_LARGE_INFLUENCE');
---------------------------------------------------------------------------------------------------------------
-- Modifiers
---------------------------------------------------------------------------------------------------------------
INSERT INTO Modifiers
		(ModifierId,																		ModifierType,															SubjectRequirementSetId)
VALUES	('P0K_HUNGARY_MINOR_CIV_SCIENTIFIC_SMALL_INFLUENCE_CAPITAL',						'MODIFIER_ALL_PLAYERS_ATTACH_MODIFIER',									'P0K_HUNGARY_MATTHIAS_SUZERAIN_SMALL_INFLUENCE'),
		('P0K_HUNGARY_MINOR_CIV_SCIENTIFIC_SMALL_INFLUENCE_ETHIOPIA',						'MODIFIER_ALL_PLAYERS_ATTACH_MODIFIER',									'P0K_HUNGARY_MATTHIAS_SUZERAIN_SMALL_INFLUENCE'),
		('P0K_HUNGARY_MINOR_CIV_SCIENTIFIC_MEDIUM_INFLUENCE_UNIVERSITY',					'MODIFIER_ALL_PLAYERS_ATTACH_MODIFIER',									'P0K_HUNGARY_MATTHIAS_SUZERAIN_MEDIUM_INFLUENCE'),
		('P0K_HUNGARY_MINOR_CIV_SCIENTIFIC_MEDIUM_INFLUENCE_ETHIOPIA',						'MODIFIER_ALL_PLAYERS_ATTACH_MODIFIER',									'P0K_HUNGARY_MATTHIAS_SUZERAIN_MEDIUM_INFLUENCE'),
		('P0K_HUNGARY_MINOR_CIV_SCIENTIFIC_LARGE_INFLUENCE_RESEARCH_LAB',					'MODIFIER_ALL_PLAYERS_ATTACH_MODIFIER',									'P0K_HUNGARY_MATTHIAS_SUZERAIN_LARGE_INFLUENCE'),
		('P0K_HUNGARY_MINOR_CIV_SCIENTIFIC_LARGE_INFLUENCE_ETHIOPIA',						'MODIFIER_ALL_PLAYERS_ATTACH_MODIFIER',									'P0K_HUNGARY_MATTHIAS_SUZERAIN_LARGE_INFLUENCE'),	
		('P0K_HUNGARY_MINOR_CIV_SCIENTIFIC_YIELD_FOR_CAPITAL_ETHIOPIA',						'MODIFIER_PLAYER_CAPITAL_CITY_ADJUST_CITY_YIELD_CHANGE',				NULL),
		('P0K_HUNGARY_MINOR_CIV_SCIENTIFIC_YIELD_FOR_LIBRARY_ETHIOPIA',						'MODIFIER_PLAYER_CITIES_ADJUST_BUILDING_YIELD_CHANGE',					NULL),
		('P0K_HUNGARY_MINOR_CIV_SCIENTIFIC_YIELD_FOR_UNIVERSITY_ETHIOPIA',					'MODIFIER_PLAYER_CITIES_ADJUST_BUILDING_YIELD_CHANGE',					NULL),
		('P0K_HUNGARY_MINOR_CIV_SCIENTIFIC_YIELD_FOR_CONSULATE',							'MODIFIER_PLAYER_CITIES_ADJUST_BUILDING_YIELD_CHANGE',					NULL),
		('P0K_HUNGARY_MINOR_CIV_SCIENTIFIC_YIELD_FOR_RESEARCH_LAB',							'MODIFIER_PLAYER_CITIES_ADJUST_BUILDING_YIELD_CHANGE',					NULL),
		('P0K_HUNGARY_MINOR_CIV_SCIENTIFIC_YIELD_FOR_CHANCERY',								'MODIFIER_PLAYER_CITIES_ADJUST_BUILDING_YIELD_CHANGE',					NULL),
	
		('P0K_HUNGARY_MINOR_CIV_CULTURAL_SMALL_INFLUENCE_CAPITAL',							'MODIFIER_ALL_PLAYERS_ATTACH_MODIFIER',									'P0K_HUNGARY_MATTHIAS_SUZERAIN_SMALL_INFLUENCE'),
		('P0K_HUNGARY_MINOR_CIV_CULTURAL_SMALL_INFLUENCE_ETHIOPIA',							'MODIFIER_ALL_PLAYERS_ATTACH_MODIFIER',									'P0K_HUNGARY_MATTHIAS_SUZERAIN_SMALL_INFLUENCE'),	
		('P0K_HUNGARY_MINOR_CIV_CULTURAL_MEDIUM_INFLUENCE_MUSEUM_ART',						'MODIFIER_ALL_PLAYERS_ATTACH_MODIFIER',									'P0K_HUNGARY_MATTHIAS_SUZERAIN_MEDIUM_INFLUENCE'),
		('P0K_HUNGARY_MINOR_CIV_CULTURAL_MEDIUM_INFLUENCE_MUSEUM_ARTIFACT',					'MODIFIER_ALL_PLAYERS_ATTACH_MODIFIER',									'P0K_HUNGARY_MATTHIAS_SUZERAIN_MEDIUM_INFLUENCE'),
		('P0K_HUNGARY_MINOR_CIV_CULTURAL_MEDIUM_INFLUENCE_ETHIOPIA',						'MODIFIER_ALL_PLAYERS_ATTACH_MODIFIER',									'P0K_HUNGARY_MATTHIAS_SUZERAIN_MEDIUM_INFLUENCE'),
		('P0K_HUNGARY_MINOR_CIV_CULTURAL_LARGE_INFLUENCE_BROADCAST_CENTER',					'MODIFIER_ALL_PLAYERS_ATTACH_MODIFIER',									'P0K_HUNGARY_MATTHIAS_SUZERAIN_LARGE_INFLUENCE'),
		('P0K_HUNGARY_MINOR_CIV_CULTURAL_LARGE_INFLUENCE_ETHIOPIA',							'MODIFIER_ALL_PLAYERS_ATTACH_MODIFIER',									'P0K_HUNGARY_MATTHIAS_SUZERAIN_LARGE_INFLUENCE'),
		('P0K_HUNGARY_MINOR_CIV_CULTURAL_YIELD_FOR_CAPITAL_ETHIOPIA',						'MODIFIER_PLAYER_CAPITAL_CITY_ADJUST_CITY_YIELD_CHANGE',				NULL),
		('P0K_HUNGARY_MINOR_CIV_CULTURAL_YIELD_FOR_AMPHITHEATER_ETHIOPIA',					'MODIFIER_PLAYER_CITIES_ADJUST_BUILDING_YIELD_CHANGE',					NULL),	
		('P0K_HUNGARY_MINOR_CIV_CULTURAL_YIELD_FOR_MUSEUM_ART',								'MODIFIER_PLAYER_CITIES_ADJUST_BUILDING_YIELD_CHANGE',					NULL),
		('P0K_HUNGARY_MINOR_CIV_CULTURAL_YIELD_FOR_MUSEUM_ARTIFACT',						'MODIFIER_PLAYER_CITIES_ADJUST_BUILDING_YIELD_CHANGE',					NULL),
		('P0K_HUNGARY_MINOR_CIV_CULTURAL_YIELD_FOR_CONSULATE',								'MODIFIER_PLAYER_CITIES_ADJUST_BUILDING_YIELD_CHANGE',					NULL),
		('P0K_HUNGARY_MINOR_CIV_CULTURAL_YIELD_FOR_BROADCAST_CENTER',						'MODIFIER_PLAYER_CITIES_ADJUST_BUILDING_YIELD_CHANGE',					NULL),
		('P0K_HUNGARY_MINOR_CIV_CULTURAL_YIELD_FOR_CHANCERY',								'MODIFIER_PLAYER_CITIES_ADJUST_BUILDING_YIELD_CHANGE',					NULL),

		('P0K_HUNGARY_MINOR_CIV_RELIGIOUS_SMALL_INFLUENCE_CAPITAL',							'MODIFIER_ALL_PLAYERS_ATTACH_MODIFIER',									'P0K_HUNGARY_MATTHIAS_SUZERAIN_SMALL_INFLUENCE'),
		('P0K_HUNGARY_MINOR_CIV_RELIGIOUS_SMALL_INFLUENCE_ETHIOPIA',						'MODIFIER_ALL_PLAYERS_ATTACH_MODIFIER',									'P0K_HUNGARY_MATTHIAS_SUZERAIN_SMALL_INFLUENCE'),	
		('P0K_HUNGARY_MINOR_CIV_RELIGIOUS_MEDIUM_INFLUENCE_TEMPLE',							'MODIFIER_ALL_PLAYERS_ATTACH_MODIFIER',									'P0K_HUNGARY_MATTHIAS_SUZERAIN_MEDIUM_INFLUENCE'),
		('P0K_HUNGARY_MINOR_CIV_RELIGIOUS_MEDIUM_INFLUENCE_ETHIOPIA',						'MODIFIER_ALL_PLAYERS_ATTACH_MODIFIER',									'P0K_HUNGARY_MATTHIAS_SUZERAIN_MEDIUM_INFLUENCE'),				
		('P0K_HUNGARY_MINOR_CIV_RELIGIOUS_LARGE_INFLUENCE_CATHEDRAL',						'MODIFIER_ALL_PLAYERS_ATTACH_MODIFIER',									'P0K_HUNGARY_MATTHIAS_SUZERAIN_LARGE_INFLUENCE'),
		('P0K_HUNGARY_MINOR_CIV_RELIGIOUS_LARGE_INFLUENCE_DAR_E_MEHR',						'MODIFIER_ALL_PLAYERS_ATTACH_MODIFIER',									'P0K_HUNGARY_MATTHIAS_SUZERAIN_LARGE_INFLUENCE'),
		('P0K_HUNGARY_MINOR_CIV_RELIGIOUS_LARGE_INFLUENCE_GURDWARA',						'MODIFIER_ALL_PLAYERS_ATTACH_MODIFIER',									'P0K_HUNGARY_MATTHIAS_SUZERAIN_LARGE_INFLUENCE'),
		('P0K_HUNGARY_MINOR_CIV_RELIGIOUS_LARGE_INFLUENCE_MEETING_HOUSE',					'MODIFIER_ALL_PLAYERS_ATTACH_MODIFIER',									'P0K_HUNGARY_MATTHIAS_SUZERAIN_LARGE_INFLUENCE'),
		('P0K_HUNGARY_MINOR_CIV_RELIGIOUS_LARGE_INFLUENCE_MOSQUE',							'MODIFIER_ALL_PLAYERS_ATTACH_MODIFIER',									'P0K_HUNGARY_MATTHIAS_SUZERAIN_LARGE_INFLUENCE'),
		('P0K_HUNGARY_MINOR_CIV_RELIGIOUS_LARGE_INFLUENCE_PAGODA',							'MODIFIER_ALL_PLAYERS_ATTACH_MODIFIER',									'P0K_HUNGARY_MATTHIAS_SUZERAIN_LARGE_INFLUENCE'),
		('P0K_HUNGARY_MINOR_CIV_RELIGIOUS_LARGE_INFLUENCE_STUPA',							'MODIFIER_ALL_PLAYERS_ATTACH_MODIFIER',									'P0K_HUNGARY_MATTHIAS_SUZERAIN_LARGE_INFLUENCE'),
		('P0K_HUNGARY_MINOR_CIV_RELIGIOUS_LARGE_INFLUENCE_SYNAGOGUE',						'MODIFIER_ALL_PLAYERS_ATTACH_MODIFIER',									'P0K_HUNGARY_MATTHIAS_SUZERAIN_LARGE_INFLUENCE'),
		('P0K_HUNGARY_MINOR_CIV_RELIGIOUS_LARGE_INFLUENCE_WAT',								'MODIFIER_ALL_PLAYERS_ATTACH_MODIFIER',									'P0K_HUNGARY_MATTHIAS_SUZERAIN_LARGE_INFLUENCE'),
		('P0K_HUNGARY_MINOR_CIV_RELIGIOUS_LARGE_INFLUENCE_ETHIOPIA',						'MODIFIER_ALL_PLAYERS_ATTACH_MODIFIER',									'P0K_HUNGARY_MATTHIAS_SUZERAIN_LARGE_INFLUENCE'),
		('P0K_HUNGARY_MINOR_CIV_RELIGIOUS_YIELD_FOR_CAPITAL_ETHIOPIA',						'MODIFIER_PLAYER_CAPITAL_CITY_ADJUST_CITY_YIELD_CHANGE',				NULL),
		('P0K_HUNGARY_MINOR_CIV_RELIGIOUS_YIELD_FOR_SHRINE_ETHIOPIA',						'MODIFIER_PLAYER_CITIES_ADJUST_BUILDING_YIELD_CHANGE',					NULL),
		('P0K_HUNGARY_MINOR_CIV_RELIGIOUS_YIELD_FOR_TEMPLE_ETHIOPIA',						'MODIFIER_PLAYER_CITIES_ADJUST_BUILDING_YIELD_CHANGE',					NULL),
		('P0K_HUNGARY_MINOR_CIV_RELIGIOUS_YIELD_FOR_CONSULATE',								'MODIFIER_PLAYER_CITIES_ADJUST_BUILDING_YIELD_CHANGE',					NULL),
		('P0K_HUNGARY_MINOR_CIV_RELIGIOUS_YIELD_FOR_CATHEDRAL',								'MODIFIER_PLAYER_CITIES_ADJUST_BUILDING_YIELD_CHANGE',					NULL),
		('P0K_HUNGARY_MINOR_CIV_RELIGIOUS_YIELD_FOR_DAR_E_MEHR',							'MODIFIER_PLAYER_CITIES_ADJUST_BUILDING_YIELD_CHANGE',					NULL),
		('P0K_HUNGARY_MINOR_CIV_RELIGIOUS_YIELD_FOR_GURDWARA',								'MODIFIER_PLAYER_CITIES_ADJUST_BUILDING_YIELD_CHANGE',					NULL),
		('P0K_HUNGARY_MINOR_CIV_RELIGIOUS_YIELD_FOR_MEETING_HOUSE',							'MODIFIER_PLAYER_CITIES_ADJUST_BUILDING_YIELD_CHANGE',					NULL),
		('P0K_HUNGARY_MINOR_CIV_RELIGIOUS_YIELD_FOR_MOSQUE',								'MODIFIER_PLAYER_CITIES_ADJUST_BUILDING_YIELD_CHANGE',					NULL),
		('P0K_HUNGARY_MINOR_CIV_RELIGIOUS_YIELD_FOR_PAGODA',								'MODIFIER_PLAYER_CITIES_ADJUST_BUILDING_YIELD_CHANGE',					NULL),
		('P0K_HUNGARY_MINOR_CIV_RELIGIOUS_YIELD_FOR_STUPA',									'MODIFIER_PLAYER_CITIES_ADJUST_BUILDING_YIELD_CHANGE',					NULL),
		('P0K_HUNGARY_MINOR_CIV_RELIGIOUS_YIELD_FOR_SYNAGOGUE',								'MODIFIER_PLAYER_CITIES_ADJUST_BUILDING_YIELD_CHANGE',					NULL),
		('P0K_HUNGARY_MINOR_CIV_RELIGIOUS_YIELD_FOR_WAT',									'MODIFIER_PLAYER_CITIES_ADJUST_BUILDING_YIELD_CHANGE',					NULL),
		('P0K_HUNGARY_MINOR_CIV_RELIGIOUS_YIELD_FOR_CHANCERY',								'MODIFIER_PLAYER_CITIES_ADJUST_BUILDING_YIELD_CHANGE',					NULL),

		('P0K_HUNGARY_MINOR_CIV_MILITARISTIC_SMALL_INFLUENCE_CAPITAL',						'MODIFIER_ALL_PLAYERS_ATTACH_MODIFIER',									'P0K_HUNGARY_MATTHIAS_SUZERAIN_SMALL_INFLUENCE'),
		('P0K_HUNGARY_MINOR_CIV_MILITARISTIC_SMALL_INFLUENCE_ETHIOPIA',						'MODIFIER_ALL_PLAYERS_ATTACH_MODIFIER',									'P0K_HUNGARY_MATTHIAS_SUZERAIN_SMALL_INFLUENCE'),		
		('P0K_HUNGARY_MINOR_CIV_MILITARISTIC_MEDIUM_INFLUENCE_ARMORY',						'MODIFIER_ALL_PLAYERS_ATTACH_MODIFIER',									'P0K_HUNGARY_MATTHIAS_SUZERAIN_MEDIUM_INFLUENCE'),
		('P0K_HUNGARY_MINOR_CIV_MILITARISTIC_MEDIUM_INFLUENCE_ETHIOPIA',					'MODIFIER_ALL_PLAYERS_ATTACH_MODIFIER',									'P0K_HUNGARY_MATTHIAS_SUZERAIN_MEDIUM_INFLUENCE'),	
		('P0K_HUNGARY_MINOR_CIV_MILITARISTIC_LARGE_INFLUENCE_MILITARY_ACADEMY',				'MODIFIER_ALL_PLAYERS_ATTACH_MODIFIER',									'P0K_HUNGARY_MATTHIAS_SUZERAIN_LARGE_INFLUENCE'),
		('P0K_HUNGARY_MINOR_CIV_MILITARISTIC_LARGE_INFLUENCE_ETHIOPIA',						'MODIFIER_ALL_PLAYERS_ATTACH_MODIFIER',									'P0K_HUNGARY_MATTHIAS_SUZERAIN_LARGE_INFLUENCE'),
		('P0K_HUNGARY_MINOR_CIV_MILITARISTIC_YIELD_FOR_CAPITAL_ETHIOPIA',					'MODIFIER_PLAYER_CAPITAL_CITY_ADJUST_UNIT_PRODUCTION',					NULL),
		('P0K_HUNGARY_MINOR_CIV_MILITARISTIC_PRODUCTION_FOR_BARRACKS_STABLE_ETHIOPIA',		'MODIFIER_PLAYER_CITIES_ADJUST_UNIT_PRODUCTION_CHANGE_ETHIOPIA',		'BUILDING_IS_BARRACKS_STABLE_ETHIOPIA'),		
		('P0K_HUNGARY_MINOR_CIV_MILITARISTIC_PRODUCTION_FOR_ARMORY_ETHIOPIA',				'MODIFIER_PLAYER_CITIES_ADJUST_UNIT_PRODUCTION_CHANGE_ETHIOPIA',		'BUILDING_IS_ARMORY_ETHIOPIA'),
		('P0K_HUNGARY_MINOR_CIV_MILITARISTIC_PRODUCTION_FOR_CONSULATE',						'MODIFIER_PLAYER_CITIES_ADJUST_UNIT_PRODUCTION_CHANGE_ETHIOPIA',		'BUILDING_IS_CONSULATE'),	
		('P0K_HUNGARY_MINOR_CIV_MILITARISTIC_PRODUCTION_FOR_MILITARY_ACADEMY_ETHIOPIA',		'MODIFIER_PLAYER_CITIES_ADJUST_UNIT_PRODUCTION_CHANGE_ETHIOPIA',		'BUILDING_IS_MILITARY_ACADEMY_ETHIOPIA'),
		('P0K_HUNGARY_MINOR_CIV_MILITARISTIC_PRODUCTION_FOR_CHANCERY',						'MODIFIER_PLAYER_CITIES_ADJUST_UNIT_PRODUCTION_CHANGE_ETHIOPIA',		'BUILDING_IS_CHANCERY'),

		('P0K_HUNGARY_MINOR_CIV_INDUSTRIAL_SMALL_INFLUENCE_BONUS_BUILDING_CAPITAL',			'MODIFIER_ALL_PLAYERS_ATTACH_MODIFIER',									'P0K_HUNGARY_MATTHIAS_SUZERAIN_SMALL_INFLUENCE'),
		('P0K_HUNGARY_MINOR_CIV_INDUSTRIAL_SMALL_INFLUENCE_BONUS_DISTRICT_CAPITAL',			'MODIFIER_ALL_PLAYERS_ATTACH_MODIFIER',									'P0K_HUNGARY_MATTHIAS_SUZERAIN_SMALL_INFLUENCE'),
		('P0K_HUNGARY_MINOR_CIV_INDUSTRIAL_SMALL_INFLUENCE_ETHIOPIA_BUILDING',				'MODIFIER_ALL_PLAYERS_ATTACH_MODIFIER',									'P0K_HUNGARY_MATTHIAS_SUZERAIN_SMALL_INFLUENCE'),
		('P0K_HUNGARY_MINOR_CIV_INDUSTRIAL_SMALL_INFLUENCE_ETHIOPIA_DISTRICT',				'MODIFIER_ALL_PLAYERS_ATTACH_MODIFIER',									'P0K_HUNGARY_MATTHIAS_SUZERAIN_SMALL_INFLUENCE'),		
		('P0K_HUNGARY_MINOR_CIV_INDUSTRIAL_MEDIUM_INFLUENCE_FACTORY_BUILDING',				'MODIFIER_ALL_PLAYERS_ATTACH_MODIFIER',									'P0K_HUNGARY_MATTHIAS_SUZERAIN_MEDIUM_INFLUENCE'),
		('P0K_HUNGARY_MINOR_CIV_INDUSTRIAL_MEDIUM_INFLUENCE_FACTORY_DISTRICT',				'MODIFIER_ALL_PLAYERS_ATTACH_MODIFIER',									'P0K_HUNGARY_MATTHIAS_SUZERAIN_MEDIUM_INFLUENCE'),	
		('P0K_HUNGARY_MINOR_CIV_INDUSTRIAL_MEDIUM_INFLUENCE_ETHIOPIA_BUILDING',				'MODIFIER_ALL_PLAYERS_ATTACH_MODIFIER',									'P0K_HUNGARY_MATTHIAS_SUZERAIN_MEDIUM_INFLUENCE'),
		('P0K_HUNGARY_MINOR_CIV_INDUSTRIAL_MEDIUM_INFLUENCE_ETHIOPIA_DISTRICT',				'MODIFIER_ALL_PLAYERS_ATTACH_MODIFIER',									'P0K_HUNGARY_MATTHIAS_SUZERAIN_MEDIUM_INFLUENCE'),			
		('P0K_HUNGARY_MINOR_CIV_INDUSTRIAL_LARGE_INFLUENCE_POWER_PLANT_BUILDING',			'MODIFIER_ALL_PLAYERS_ATTACH_MODIFIER',									'P0K_HUNGARY_MATTHIAS_SUZERAIN_LARGE_INFLUENCE'),
		('P0K_HUNGARY_MINOR_CIV_INDUSTRIAL_LARGE_INFLUENCE_POWER_PLANT_DISTRICT',			'MODIFIER_ALL_PLAYERS_ATTACH_MODIFIER',									'P0K_HUNGARY_MATTHIAS_SUZERAIN_LARGE_INFLUENCE'),
		('P0K_HUNGARY_MINOR_CIV_INDUSTRIAL_LARGE_INFLUENCE_ETHIOPIA_BUILDING',				'MODIFIER_ALL_PLAYERS_ATTACH_MODIFIER',									'P0K_HUNGARY_MATTHIAS_SUZERAIN_LARGE_INFLUENCE'),
		('P0K_HUNGARY_MINOR_CIV_INDUSTRIAL_LARGE_INFLUENCE_ETHIOPIA_DISTRICT',				'MODIFIER_ALL_PLAYERS_ATTACH_MODIFIER',									'P0K_HUNGARY_MATTHIAS_SUZERAIN_LARGE_INFLUENCE'),	
		('P0K_HUNGARY_MINOR_CIV_INDUSTRIAL_BUILDING_PRODUCTION_FOR_CAPITAL_ETHIOPIA',		'MODIFIER_PLAYER_CAPITAL_CITY_ADJUST_BUILDING_PRODUCTION',				NULL),
		('P0K_HUNGARY_MINOR_CIV_INDUSTRIAL_DISTRICT_PRODUCTION_FOR_CAPITAL_ETHIOPIA',		'MODIFIER_PLAYER_CAPITAL_CITY_ADJUST_DISTRICT_PRODUCTION',				NULL),
		('P0K_HUNGARY_MINOR_CIV_INDUSTRIAL_BUILDING_PRODUCTION_FOR_WORKSHOP_ETHIOPIA',		'MODIFIER_PLAYER_CITIES_ADJUST_BUILDING_PRODUCTION_CHANGE_ETHIOPIA',	'BUILDING_IS_WORKSHOP_ETHIOPIA'),
		('P0K_HUNGARY_MINOR_CIV_INDUSTRIAL_DISTRICT_PRODUCTION_FOR_WORKSHOP_ETHIOPIA',		'MODIFIER_PLAYER_CITIES_ADJUST_DISTRICT_PRODUCTION_CHANGE_ETHIOPIA',	'BUILDING_IS_WORKSHOP_ETHIOPIA'),	
		('P0K_HUNGARY_MINOR_CIV_INDUSTRIAL_BUILDING_PRODUCTION_FOR_FACTORY_ETHIOPIA',		'MODIFIER_PLAYER_CITIES_ADJUST_BUILDING_PRODUCTION_CHANGE_ETHIOPIA',	'BUILDING_IS_FACTORY_ETHIOPIA'),
		('P0K_HUNGARY_MINOR_CIV_INDUSTRIAL_DISTRICT_PRODUCTION_FOR_FACTORY_ETHIOPIA',		'MODIFIER_PLAYER_CITIES_ADJUST_DISTRICT_PRODUCTION_CHANGE_ETHIOPIA',	'BUILDING_IS_FACTORY_ETHIOPIA'),
		('P0K_HUNGARY_MINOR_CIV_INDUSTRIAL_BUILDING_PRODUCTION_FOR_CONSULATE',				'MODIFIER_PLAYER_CITIES_ADJUST_BUILDING_PRODUCTION_CHANGE_ETHIOPIA',	'BUILDING_IS_CONSULATE'),
		('P0K_HUNGARY_MINOR_CIV_INDUSTRIAL_DISTRICT_PRODUCTION_FOR_CONSULATE',				'MODIFIER_PLAYER_CITIES_ADJUST_DISTRICT_PRODUCTION_CHANGE_ETHIOPIA',	'BUILDING_IS_CONSULATE'),	
		('P0K_HUNGARY_MINOR_CIV_INDUSTRIAL_BUILDING_PRODUCTION_FOR_POWER_PLANT_ETHIOPIA',	'MODIFIER_PLAYER_CITIES_ADJUST_BUILDING_PRODUCTION_CHANGE_ETHIOPIA',	'BUILDING_IS_POWER_PLANT_ETHIOPIA'),
		('P0K_HUNGARY_MINOR_CIV_INDUSTRIAL_DISTRICT_PRODUCTION_FOR_POWER_PLANT_ETHIOPIA',	'MODIFIER_PLAYER_CITIES_ADJUST_DISTRICT_PRODUCTION_CHANGE_ETHIOPIA',	'BUILDING_IS_POWER_PLANT_ETHIOPIA'),
		('P0K_HUNGARY_MINOR_CIV_INDUSTRIAL_BUILDING_PRODUCTION_FOR_CHANCERY',				'MODIFIER_PLAYER_CITIES_ADJUST_BUILDING_PRODUCTION_CHANGE_ETHIOPIA',	'BUILDING_IS_CHANCERY'),
		('P0K_HUNGARY_MINOR_CIV_INDUSTRIAL_DISTRICT_PRODUCTION_FOR_CHANCERY',				'MODIFIER_PLAYER_CITIES_ADJUST_DISTRICT_PRODUCTION_CHANGE_ETHIOPIA',	'BUILDING_IS_CHANCERY'),
		
		('P0K_HUNGARY_MINOR_CIV_TRADE_SMALL_INFLUENCE_CAPITAL',								'MODIFIER_ALL_PLAYERS_ATTACH_MODIFIER',									'P0K_HUNGARY_MATTHIAS_SUZERAIN_SMALL_INFLUENCE'),
		('P0K_HUNGARY_MINOR_CIV_TRADE_SMALL_INFLUENCE_ETHIOPIA',							'MODIFIER_ALL_PLAYERS_ATTACH_MODIFIER',									'P0K_HUNGARY_MATTHIAS_SUZERAIN_SMALL_INFLUENCE'),
		('P0K_HUNGARY_MINOR_CIV_TRADE_SMALL_INFLUENCE_LIGHTHOUSE',							'MODIFIER_ALL_PLAYERS_ATTACH_MODIFIER',									'P0K_HUNGARY_MATTHIAS_SUZERAIN_SMALL_INFLUENCE'),	
		('P0K_HUNGARY_MINOR_CIV_TRADE_MEDIUM_INFLUENCE_BANK',								'MODIFIER_ALL_PLAYERS_ATTACH_MODIFIER',									'P0K_HUNGARY_MATTHIAS_SUZERAIN_MEDIUM_INFLUENCE'),
		('P0K_HUNGARY_MINOR_CIV_TRADE_MEDIUM_INFLUENCE_SHIPYARD',							'MODIFIER_ALL_PLAYERS_ATTACH_MODIFIER',									'P0K_HUNGARY_MATTHIAS_SUZERAIN_MEDIUM_INFLUENCE'),
		('P0K_HUNGARY_MINOR_CIV_TRADE_MEDIUM_INFLUENCE_ETHIOPIA',							'MODIFIER_ALL_PLAYERS_ATTACH_MODIFIER',									'P0K_HUNGARY_MATTHIAS_SUZERAIN_MEDIUM_INFLUENCE'),	
		('P0K_HUNGARY_MINOR_CIV_TRADE_LARGE_INFLUENCE_STOCK_EXCHANGE',						'MODIFIER_ALL_PLAYERS_ATTACH_MODIFIER',									'P0K_HUNGARY_MATTHIAS_SUZERAIN_LARGE_INFLUENCE'),
		('P0K_HUNGARY_MINOR_CIV_TRADE_LARGE_INFLUENCE_SEAPORT',								'MODIFIER_ALL_PLAYERS_ATTACH_MODIFIER',									'P0K_HUNGARY_MATTHIAS_SUZERAIN_LARGE_INFLUENCE'),
		('P0K_HUNGARY_MINOR_CIV_TRADE_LARGE_INFLUENCE_ETHIOPIA',							'MODIFIER_ALL_PLAYERS_ATTACH_MODIFIER',									'P0K_HUNGARY_MATTHIAS_SUZERAIN_LARGE_INFLUENCE'),
		('P0K_HUNGARY_MINOR_CIV_TRADE_YIELD_FOR_CAPITAL_ETHIOPIA',							'MODIFIER_PLAYER_CAPITAL_CITY_ADJUST_CITY_YIELD_CHANGE',				NULL),
		('P0K_HUNGARY_MINOR_CIV_TRADE_YIELD_FOR_MARKET_ETHIOPIA',							'MODIFIER_PLAYER_CITIES_ADJUST_BUILDING_YIELD_CHANGE',					NULL),
		('P0K_HUNGARY_MINOR_CIV_TRADE_YIELD_FOR_LIGHTHOUSE_ETHIOPIA',						'MODIFIER_PLAYER_CITIES_ADJUST_BUILDING_YIELD_CHANGE',					NULL),		
		('P0K_HUNGARY_MINOR_CIV_TRADE_YIELD_FOR_BANK_ETHIOPIA',								'MODIFIER_PLAYER_CITIES_ADJUST_BUILDING_YIELD_CHANGE',					NULL),
		('P0K_HUNGARY_MINOR_CIV_TRADE_YIELD_FOR_SHIPYARD_ETHIOPIA',							'MODIFIER_PLAYER_CITIES_ADJUST_BUILDING_YIELD_CHANGE',					NULL),
		('P0K_HUNGARY_MINOR_CIV_TRADE_YIELD_FOR_CONSULATE',									'MODIFIER_PLAYER_CITIES_ADJUST_BUILDING_YIELD_CHANGE',					NULL),	
		('P0K_HUNGARY_MINOR_CIV_TRADE_YIELD_FOR_STOCK_EXCHANGE',							'MODIFIER_PLAYER_CITIES_ADJUST_BUILDING_YIELD_CHANGE',					NULL),
		('P0K_HUNGARY_MINOR_CIV_TRADE_YIELD_FOR_SEAPORT',									'MODIFIER_PLAYER_CITIES_ADJUST_BUILDING_YIELD_CHANGE',					NULL),
		('P0K_HUNGARY_MINOR_CIV_TRADE_YIELD_FOR_CHANCERY',									'MODIFIER_PLAYER_CITIES_ADJUST_BUILDING_YIELD_CHANGE',					NULL);
---------------------------------------------------------------------------------------------------------------	
-- ModifierArguments
---------------------------------------------------------------------------------------------------------------
INSERT INTO ModifierArguments		
		(ModifierId,																		Name,				Value)
VALUES	('P0K_HUNGARY_MINOR_CIV_SCIENTIFIC_SMALL_INFLUENCE_CAPITAL',						'ModifierId',		'P0K_HUNGARY_MINOR_CIV_SCIENTIFIC_YIELD_FOR_CAPITAL_ETHIOPIA'),
		('P0K_HUNGARY_MINOR_CIV_SCIENTIFIC_SMALL_INFLUENCE_ETHIOPIA',						'ModifierId',		'P0K_HUNGARY_MINOR_CIV_SCIENTIFIC_YIELD_FOR_LIBRARY_ETHIOPIA'),
		('P0K_HUNGARY_MINOR_CIV_SCIENTIFIC_MEDIUM_INFLUENCE_UNIVERSITY',					'ModifierId',		'P0K_HUNGARY_MINOR_CIV_SCIENTIFIC_YIELD_FOR_UNIVERSITY_ETHIOPIA'),
		('P0K_HUNGARY_MINOR_CIV_SCIENTIFIC_MEDIUM_INFLUENCE_ETHIOPIA',						'ModifierId',		'P0K_HUNGARY_MINOR_CIV_SCIENTIFIC_YIELD_FOR_CONSULATE'),
		('P0K_HUNGARY_MINOR_CIV_SCIENTIFIC_LARGE_INFLUENCE_RESEARCH_LAB',					'ModifierId',		'P0K_HUNGARY_MINOR_CIV_SCIENTIFIC_YIELD_FOR_RESEARCH_LAB'),
		('P0K_HUNGARY_MINOR_CIV_SCIENTIFIC_LARGE_INFLUENCE_ETHIOPIA',						'ModifierId',		'P0K_HUNGARY_MINOR_CIV_SCIENTIFIC_YIELD_FOR_CHANCERY'),
		('P0K_HUNGARY_MINOR_CIV_SCIENTIFIC_YIELD_FOR_CAPITAL_ETHIOPIA',						'YieldType',		'YIELD_SCIENCE'),
		('P0K_HUNGARY_MINOR_CIV_SCIENTIFIC_YIELD_FOR_CAPITAL_ETHIOPIA',						'Amount',			1),
		('P0K_HUNGARY_MINOR_CIV_SCIENTIFIC_YIELD_FOR_LIBRARY_ETHIOPIA',						'YieldType',		'YIELD_SCIENCE'),
		('P0K_HUNGARY_MINOR_CIV_SCIENTIFIC_YIELD_FOR_LIBRARY_ETHIOPIA',						'Amount',			1),
		('P0K_HUNGARY_MINOR_CIV_SCIENTIFIC_YIELD_FOR_LIBRARY_ETHIOPIA',						'BuildingType',		'BUILDING_LIBRARY'),
		('P0K_HUNGARY_MINOR_CIV_SCIENTIFIC_YIELD_FOR_LIBRARY_ETHIOPIA',						'CityStatesOnly',	1),
		('P0K_HUNGARY_MINOR_CIV_SCIENTIFIC_YIELD_FOR_UNIVERSITY_ETHIOPIA',					'YieldType',		'YIELD_SCIENCE'),
		('P0K_HUNGARY_MINOR_CIV_SCIENTIFIC_YIELD_FOR_UNIVERSITY_ETHIOPIA',					'Amount',			1),
		('P0K_HUNGARY_MINOR_CIV_SCIENTIFIC_YIELD_FOR_UNIVERSITY_ETHIOPIA',					'BuildingType',		'BUILDING_UNIVERSITY'),
		('P0K_HUNGARY_MINOR_CIV_SCIENTIFIC_YIELD_FOR_UNIVERSITY_ETHIOPIA',					'CityStatesOnly',	1),		
		('P0K_HUNGARY_MINOR_CIV_SCIENTIFIC_YIELD_FOR_CONSULATE',							'YieldType',		'YIELD_SCIENCE'),
		('P0K_HUNGARY_MINOR_CIV_SCIENTIFIC_YIELD_FOR_CONSULATE',							'Amount',			1),
		('P0K_HUNGARY_MINOR_CIV_SCIENTIFIC_YIELD_FOR_CONSULATE',							'BuildingType',		'BUILDING_CONSULATE'),
		('P0K_HUNGARY_MINOR_CIV_SCIENTIFIC_YIELD_FOR_CONSULATE',							'CityStatesOnly',	1),
		('P0K_HUNGARY_MINOR_CIV_SCIENTIFIC_YIELD_FOR_RESEARCH_LAB',							'YieldType',		'YIELD_SCIENCE'),
		('P0K_HUNGARY_MINOR_CIV_SCIENTIFIC_YIELD_FOR_RESEARCH_LAB',							'Amount',			1),
		('P0K_HUNGARY_MINOR_CIV_SCIENTIFIC_YIELD_FOR_RESEARCH_LAB',							'BuildingType',		'BUILDING_RESEARCH_LAB'),
		('P0K_HUNGARY_MINOR_CIV_SCIENTIFIC_YIELD_FOR_RESEARCH_LAB',							'CityStatesOnly',	1),
		('P0K_HUNGARY_MINOR_CIV_SCIENTIFIC_YIELD_FOR_CHANCERY',								'YieldType',		'YIELD_SCIENCE'),
		('P0K_HUNGARY_MINOR_CIV_SCIENTIFIC_YIELD_FOR_CHANCERY',								'Amount',			1),
		('P0K_HUNGARY_MINOR_CIV_SCIENTIFIC_YIELD_FOR_CHANCERY',								'BuildingType',		'BUILDING_CHANCERY'),
		('P0K_HUNGARY_MINOR_CIV_SCIENTIFIC_YIELD_FOR_CHANCERY',								'CityStatesOnly',	1),

		('P0K_HUNGARY_MINOR_CIV_CULTURAL_SMALL_INFLUENCE_CAPITAL',							'ModifierId',		'P0K_HUNGARY_MINOR_CIV_CULTURAL_YIELD_FOR_CAPITAL_ETHIOPIA'),
		('P0K_HUNGARY_MINOR_CIV_CULTURAL_SMALL_INFLUENCE_ETHIOPIA',							'ModifierId',		'P0K_HUNGARY_MINOR_CIV_CULTURAL_YIELD_FOR_AMPHITHEATER_ETHIOPIA'),
		('P0K_HUNGARY_MINOR_CIV_CULTURAL_MEDIUM_INFLUENCE_MUSEUM_ART',						'ModifierId',		'P0K_HUNGARY_MINOR_CIV_CULTURAL_YIELD_FOR_MUSEUM_ART'),
		('P0K_HUNGARY_MINOR_CIV_CULTURAL_MEDIUM_INFLUENCE_MUSEUM_ARTIFACT',					'ModifierId',		'P0K_HUNGARY_MINOR_CIV_CULTURAL_YIELD_FOR_MUSEUM_ARTIFACT'),
		('P0K_HUNGARY_MINOR_CIV_CULTURAL_MEDIUM_INFLUENCE_ETHIOPIA',						'ModifierId',		'P0K_HUNGARY_MINOR_CIV_CULTURAL_YIELD_FOR_CONSULATE'),
		('P0K_HUNGARY_MINOR_CIV_CULTURAL_LARGE_INFLUENCE_BROADCAST_CENTER',					'ModifierId',		'P0K_HUNGARY_MINOR_CIV_CULTURAL_YIELD_FOR_BROADCAST_CENTER'),
		('P0K_HUNGARY_MINOR_CIV_CULTURAL_LARGE_INFLUENCE_ETHIOPIA',							'ModifierId',		'P0K_HUNGARY_MINOR_CIV_CULTURAL_YIELD_FOR_CHANCERY'),
		('P0K_HUNGARY_MINOR_CIV_CULTURAL_YIELD_FOR_CAPITAL_ETHIOPIA',						'YieldType',		'YIELD_CULTURE'),
		('P0K_HUNGARY_MINOR_CIV_CULTURAL_YIELD_FOR_CAPITAL_ETHIOPIA',						'Amount',			1),
		('P0K_HUNGARY_MINOR_CIV_CULTURAL_YIELD_FOR_AMPHITHEATER_ETHIOPIA',					'YieldType',		'YIELD_CULTURE'),
		('P0K_HUNGARY_MINOR_CIV_CULTURAL_YIELD_FOR_AMPHITHEATER_ETHIOPIA',					'Amount',			1),
		('P0K_HUNGARY_MINOR_CIV_CULTURAL_YIELD_FOR_AMPHITHEATER_ETHIOPIA',					'BuildingType',		'BUILDING_AMPHITHEATER'),
		('P0K_HUNGARY_MINOR_CIV_CULTURAL_YIELD_FOR_AMPHITHEATER_ETHIOPIA',					'CityStatesOnly',	1),
		('P0K_HUNGARY_MINOR_CIV_CULTURAL_YIELD_FOR_MUSEUM_ART',								'YieldType',		'YIELD_CULTURE'),
		('P0K_HUNGARY_MINOR_CIV_CULTURAL_YIELD_FOR_MUSEUM_ART',								'Amount',			1),
		('P0K_HUNGARY_MINOR_CIV_CULTURAL_YIELD_FOR_MUSEUM_ART',								'BuildingType',		'BUILDING_MUSEUM_ART'),
		('P0K_HUNGARY_MINOR_CIV_CULTURAL_YIELD_FOR_MUSEUM_ART',								'CityStatesOnly',	1),
		('P0K_HUNGARY_MINOR_CIV_CULTURAL_YIELD_FOR_MUSEUM_ARTIFACT',						'YieldType',		'YIELD_CULTURE'),
		('P0K_HUNGARY_MINOR_CIV_CULTURAL_YIELD_FOR_MUSEUM_ARTIFACT',						'Amount',			1),
		('P0K_HUNGARY_MINOR_CIV_CULTURAL_YIELD_FOR_MUSEUM_ARTIFACT',						'BuildingType',		'BUILDING_MUSEUM_ARTIFACT'),
		('P0K_HUNGARY_MINOR_CIV_CULTURAL_YIELD_FOR_MUSEUM_ARTIFACT',						'CityStatesOnly',	1),		
		('P0K_HUNGARY_MINOR_CIV_CULTURAL_YIELD_FOR_CONSULATE',								'YieldType',		'YIELD_CULTURE'),
		('P0K_HUNGARY_MINOR_CIV_CULTURAL_YIELD_FOR_CONSULATE',								'Amount',			1),
		('P0K_HUNGARY_MINOR_CIV_CULTURAL_YIELD_FOR_CONSULATE',								'BuildingType',		'BUILDING_CONSULATE'),
		('P0K_HUNGARY_MINOR_CIV_CULTURAL_YIELD_FOR_CONSULATE',								'CityStatesOnly',	1),
		('P0K_HUNGARY_MINOR_CIV_CULTURAL_YIELD_FOR_BROADCAST_CENTER',						'YieldType',		'YIELD_CULTURE'),
		('P0K_HUNGARY_MINOR_CIV_CULTURAL_YIELD_FOR_BROADCAST_CENTER',						'Amount',			1),
		('P0K_HUNGARY_MINOR_CIV_CULTURAL_YIELD_FOR_BROADCAST_CENTER',						'BuildingType',		'BUILDING_BROADCAST_CENTER'),
		('P0K_HUNGARY_MINOR_CIV_CULTURAL_YIELD_FOR_BROADCAST_CENTER',						'CityStatesOnly',	1),		
		('P0K_HUNGARY_MINOR_CIV_CULTURAL_YIELD_FOR_CHANCERY',								'YieldType',		'YIELD_CULTURE'),
		('P0K_HUNGARY_MINOR_CIV_CULTURAL_YIELD_FOR_CHANCERY',								'Amount',			1),
		('P0K_HUNGARY_MINOR_CIV_CULTURAL_YIELD_FOR_CHANCERY',								'BuildingType',		'BUILDING_CHANCERY'),
		('P0K_HUNGARY_MINOR_CIV_CULTURAL_YIELD_FOR_CHANCERY',								'CityStatesOnly',	1),

		('P0K_HUNGARY_MINOR_CIV_RELIGIOUS_SMALL_INFLUENCE_CAPITAL',							'ModifierId',		'P0K_HUNGARY_MINOR_CIV_RELIGIOUS_YIELD_FOR_CAPITAL_ETHIOPIA'),
		('P0K_HUNGARY_MINOR_CIV_RELIGIOUS_SMALL_INFLUENCE_ETHIOPIA',						'ModifierId',		'P0K_HUNGARY_MINOR_CIV_RELIGIOUS_YIELD_FOR_SHRINE_ETHIOPIA'),	
		('P0K_HUNGARY_MINOR_CIV_RELIGIOUS_MEDIUM_INFLUENCE_TEMPLE',							'ModifierId',		'P0K_HUNGARY_MINOR_CIV_RELIGIOUS_YIELD_FOR_TEMPLE_ETHIOPIA'),
		('P0K_HUNGARY_MINOR_CIV_RELIGIOUS_MEDIUM_INFLUENCE_ETHIOPIA',						'ModifierId',		'P0K_HUNGARY_MINOR_CIV_RELIGIOUS_YIELD_FOR_CONSULATE'),
		('P0K_HUNGARY_MINOR_CIV_RELIGIOUS_LARGE_INFLUENCE_CATHEDRAL',						'ModifierId',		'P0K_HUNGARY_MINOR_CIV_RELIGIOUS_YIELD_FOR_CATHEDRAL'),
		('P0K_HUNGARY_MINOR_CIV_RELIGIOUS_LARGE_INFLUENCE_DAR_E_MEHR',						'ModifierId',		'P0K_HUNGARY_MINOR_CIV_RELIGIOUS_YIELD_FOR_DAR_E_MEHR'),
		('P0K_HUNGARY_MINOR_CIV_RELIGIOUS_LARGE_INFLUENCE_GURDWARA',						'ModifierId',		'P0K_HUNGARY_MINOR_CIV_RELIGIOUS_YIELD_FOR_GURDWARA'),
		('P0K_HUNGARY_MINOR_CIV_RELIGIOUS_LARGE_INFLUENCE_MEETING_HOUSE',					'ModifierId',		'P0K_HUNGARY_MINOR_CIV_RELIGIOUS_YIELD_FOR_MEETING_HOUSE'),
		('P0K_HUNGARY_MINOR_CIV_RELIGIOUS_LARGE_INFLUENCE_MOSQUE',							'ModifierId',		'P0K_HUNGARY_MINOR_CIV_RELIGIOUS_YIELD_FOR_MOSQUE'),
		('P0K_HUNGARY_MINOR_CIV_RELIGIOUS_LARGE_INFLUENCE_PAGODA',							'ModifierId',		'P0K_HUNGARY_MINOR_CIV_RELIGIOUS_YIELD_FOR_PAGODA'),
		('P0K_HUNGARY_MINOR_CIV_RELIGIOUS_LARGE_INFLUENCE_STUPA',							'ModifierId',		'P0K_HUNGARY_MINOR_CIV_RELIGIOUS_YIELD_FOR_STUPA'),
		('P0K_HUNGARY_MINOR_CIV_RELIGIOUS_LARGE_INFLUENCE_SYNAGOGUE',						'ModifierId',		'P0K_HUNGARY_MINOR_CIV_RELIGIOUS_YIELD_FOR_SYNAGOGUE'),
		('P0K_HUNGARY_MINOR_CIV_RELIGIOUS_LARGE_INFLUENCE_WAT',								'ModifierId',		'P0K_HUNGARY_MINOR_CIV_RELIGIOUS_YIELD_FOR_WAT'),
		('P0K_HUNGARY_MINOR_CIV_RELIGIOUS_LARGE_INFLUENCE_ETHIOPIA',						'ModifierId',		'P0K_HUNGARY_MINOR_CIV_RELIGIOUS_YIELD_FOR_CHANCERY'),
		('P0K_HUNGARY_MINOR_CIV_RELIGIOUS_YIELD_FOR_CAPITAL_ETHIOPIA',						'YieldType',		'YIELD_FAITH'),
		('P0K_HUNGARY_MINOR_CIV_RELIGIOUS_YIELD_FOR_CAPITAL_ETHIOPIA',						'Amount',			1),
		('P0K_HUNGARY_MINOR_CIV_RELIGIOUS_YIELD_FOR_SHRINE_ETHIOPIA',						'YieldType',		'YIELD_FAITH'),
		('P0K_HUNGARY_MINOR_CIV_RELIGIOUS_YIELD_FOR_SHRINE_ETHIOPIA',						'Amount',			1),
		('P0K_HUNGARY_MINOR_CIV_RELIGIOUS_YIELD_FOR_SHRINE_ETHIOPIA',						'BuildingType',		'BUILDING_SHRINE'),
		('P0K_HUNGARY_MINOR_CIV_RELIGIOUS_YIELD_FOR_SHRINE_ETHIOPIA',						'CityStatesOnly',	1),
		('P0K_HUNGARY_MINOR_CIV_RELIGIOUS_YIELD_FOR_TEMPLE_ETHIOPIA',						'YieldType',		'YIELD_FAITH'),
		('P0K_HUNGARY_MINOR_CIV_RELIGIOUS_YIELD_FOR_TEMPLE_ETHIOPIA',						'Amount',			1),
		('P0K_HUNGARY_MINOR_CIV_RELIGIOUS_YIELD_FOR_TEMPLE_ETHIOPIA',						'BuildingType',		'BUILDING_TEMPLE'),
		('P0K_HUNGARY_MINOR_CIV_RELIGIOUS_YIELD_FOR_TEMPLE_ETHIOPIA',						'CityStatesOnly',	1),
		('P0K_HUNGARY_MINOR_CIV_RELIGIOUS_YIELD_FOR_CONSULATE',								'YieldType',		'YIELD_FAITH'),
		('P0K_HUNGARY_MINOR_CIV_RELIGIOUS_YIELD_FOR_CONSULATE',								'Amount',			1),
		('P0K_HUNGARY_MINOR_CIV_RELIGIOUS_YIELD_FOR_CONSULATE',								'BuildingType',		'BUILDING_CONSULATE'),
		('P0K_HUNGARY_MINOR_CIV_RELIGIOUS_YIELD_FOR_CONSULATE',								'CityStatesOnly',	1),
		('P0K_HUNGARY_MINOR_CIV_RELIGIOUS_YIELD_FOR_CATHEDRAL',								'YieldType',		'YIELD_FAITH'),
		('P0K_HUNGARY_MINOR_CIV_RELIGIOUS_YIELD_FOR_CATHEDRAL',								'Amount',			1),
		('P0K_HUNGARY_MINOR_CIV_RELIGIOUS_YIELD_FOR_CATHEDRAL',								'BuildingType',		'BUILDING_CATHEDRAL'),
		('P0K_HUNGARY_MINOR_CIV_RELIGIOUS_YIELD_FOR_CATHEDRAL',								'CityStatesOnly',	1),
		('P0K_HUNGARY_MINOR_CIV_RELIGIOUS_YIELD_FOR_DAR_E_MEHR',							'YieldType',		'YIELD_FAITH'),
		('P0K_HUNGARY_MINOR_CIV_RELIGIOUS_YIELD_FOR_DAR_E_MEHR',							'Amount',			1),
		('P0K_HUNGARY_MINOR_CIV_RELIGIOUS_YIELD_FOR_DAR_E_MEHR',							'BuildingType',		'BUILDING_DAR_E_MEHR'),
		('P0K_HUNGARY_MINOR_CIV_RELIGIOUS_YIELD_FOR_DAR_E_MEHR',							'CityStatesOnly',	1),
		('P0K_HUNGARY_MINOR_CIV_RELIGIOUS_YIELD_FOR_GURDWARA',								'YieldType',		'YIELD_FAITH'),
		('P0K_HUNGARY_MINOR_CIV_RELIGIOUS_YIELD_FOR_GURDWARA',								'Amount',			1),
		('P0K_HUNGARY_MINOR_CIV_RELIGIOUS_YIELD_FOR_GURDWARA',								'BuildingType',		'BUILDING_GURDWARA'),
		('P0K_HUNGARY_MINOR_CIV_RELIGIOUS_YIELD_FOR_GURDWARA',								'CityStatesOnly',	1),
		('P0K_HUNGARY_MINOR_CIV_RELIGIOUS_YIELD_FOR_MEETING_HOUSE',							'YieldType',		'YIELD_FAITH'),
		('P0K_HUNGARY_MINOR_CIV_RELIGIOUS_YIELD_FOR_MEETING_HOUSE',							'Amount',			1),
		('P0K_HUNGARY_MINOR_CIV_RELIGIOUS_YIELD_FOR_MEETING_HOUSE',							'BuildingType',		'BUILDING_MEETING_HOUSE'),
		('P0K_HUNGARY_MINOR_CIV_RELIGIOUS_YIELD_FOR_MEETING_HOUSE',							'CityStatesOnly',	1),
		('P0K_HUNGARY_MINOR_CIV_RELIGIOUS_YIELD_FOR_MOSQUE',								'YieldType',		'YIELD_FAITH'),
		('P0K_HUNGARY_MINOR_CIV_RELIGIOUS_YIELD_FOR_MOSQUE',								'Amount',			1),
		('P0K_HUNGARY_MINOR_CIV_RELIGIOUS_YIELD_FOR_MOSQUE',								'BuildingType',		'BUILDING_MOSQUE'),
		('P0K_HUNGARY_MINOR_CIV_RELIGIOUS_YIELD_FOR_MOSQUE',								'CityStatesOnly',	1),
		('P0K_HUNGARY_MINOR_CIV_RELIGIOUS_YIELD_FOR_PAGODA',								'YieldType',		'YIELD_FAITH'),
		('P0K_HUNGARY_MINOR_CIV_RELIGIOUS_YIELD_FOR_PAGODA',								'Amount',			1),
		('P0K_HUNGARY_MINOR_CIV_RELIGIOUS_YIELD_FOR_PAGODA',								'BuildingType',		'BUILDING_PAGODA'),
		('P0K_HUNGARY_MINOR_CIV_RELIGIOUS_YIELD_FOR_PAGODA',								'CityStatesOnly',	1),
		('P0K_HUNGARY_MINOR_CIV_RELIGIOUS_YIELD_FOR_STUPA',									'YieldType',		'YIELD_FAITH'),
		('P0K_HUNGARY_MINOR_CIV_RELIGIOUS_YIELD_FOR_STUPA',									'Amount',			1),
		('P0K_HUNGARY_MINOR_CIV_RELIGIOUS_YIELD_FOR_STUPA',									'BuildingType',		'BUILDING_STUPA'),
		('P0K_HUNGARY_MINOR_CIV_RELIGIOUS_YIELD_FOR_STUPA',									'CityStatesOnly',	1),
		('P0K_HUNGARY_MINOR_CIV_RELIGIOUS_YIELD_FOR_SYNAGOGUE',								'YieldType',		'YIELD_FAITH'),
		('P0K_HUNGARY_MINOR_CIV_RELIGIOUS_YIELD_FOR_SYNAGOGUE',								'Amount',			1),
		('P0K_HUNGARY_MINOR_CIV_RELIGIOUS_YIELD_FOR_SYNAGOGUE',								'BuildingType',		'BUILDING_SYNAGOGUE'),
		('P0K_HUNGARY_MINOR_CIV_RELIGIOUS_YIELD_FOR_SYNAGOGUE',								'CityStatesOnly',	1),
		('P0K_HUNGARY_MINOR_CIV_RELIGIOUS_YIELD_FOR_WAT',									'YieldType',		'YIELD_FAITH'),
		('P0K_HUNGARY_MINOR_CIV_RELIGIOUS_YIELD_FOR_WAT',									'Amount',			1),
		('P0K_HUNGARY_MINOR_CIV_RELIGIOUS_YIELD_FOR_WAT',									'BuildingType',		'BUILDING_WAT'),
		('P0K_HUNGARY_MINOR_CIV_RELIGIOUS_YIELD_FOR_WAT',									'CityStatesOnly',	1),
		('P0K_HUNGARY_MINOR_CIV_RELIGIOUS_YIELD_FOR_CHANCERY',								'YieldType',		'YIELD_FAITH'),
		('P0K_HUNGARY_MINOR_CIV_RELIGIOUS_YIELD_FOR_CHANCERY',								'Amount',			1),
		('P0K_HUNGARY_MINOR_CIV_RELIGIOUS_YIELD_FOR_CHANCERY',								'BuildingType',		'BUILDING_CHANCERY'),
		('P0K_HUNGARY_MINOR_CIV_RELIGIOUS_YIELD_FOR_CHANCERY',								'CityStatesOnly',	1),

		('P0K_HUNGARY_MINOR_CIV_MILITARISTIC_SMALL_INFLUENCE_CAPITAL',						'ModifierId',		'P0K_HUNGARY_MINOR_CIV_MILITARISTIC_YIELD_FOR_CAPITAL_ETHIOPIA'),
		('P0K_HUNGARY_MINOR_CIV_MILITARISTIC_SMALL_INFLUENCE_ETHIOPIA',						'ModifierId',		'P0K_HUNGARY_MINOR_CIV_MILITARISTIC_PRODUCTION_FOR_BARRACKS_STABLE_ETHIOPIA'),		
		('P0K_HUNGARY_MINOR_CIV_MILITARISTIC_MEDIUM_INFLUENCE_ARMORY',						'ModifierId',		'P0K_HUNGARY_MINOR_CIV_MILITARISTIC_PRODUCTION_FOR_ARMORY_ETHIOPIA'),
		('P0K_HUNGARY_MINOR_CIV_MILITARISTIC_MEDIUM_INFLUENCE_ETHIOPIA',					'ModifierId',		'P0K_HUNGARY_MINOR_CIV_MILITARISTIC_PRODUCTION_FOR_CONSULATE'),		
		('P0K_HUNGARY_MINOR_CIV_MILITARISTIC_LARGE_INFLUENCE_MILITARY_ACADEMY',				'ModifierId',		'P0K_HUNGARY_MINOR_CIV_MILITARISTIC_PRODUCTION_FOR_MILITARY_ACADEMY_ETHIOPIA'),
		('P0K_HUNGARY_MINOR_CIV_MILITARISTIC_LARGE_INFLUENCE_ETHIOPIA',						'ModifierId',		'P0K_HUNGARY_MINOR_CIV_MILITARISTIC_PRODUCTION_FOR_CHANCERY'),
		('P0K_HUNGARY_MINOR_CIV_MILITARISTIC_YIELD_FOR_CAPITAL_ETHIOPIA',					'Amount',			1),
		('P0K_HUNGARY_MINOR_CIV_MILITARISTIC_PRODUCTION_FOR_BARRACKS_STABLE_ETHIOPIA',		'Amount',			1),		
		('P0K_HUNGARY_MINOR_CIV_MILITARISTIC_PRODUCTION_FOR_ARMORY_ETHIOPIA',				'Amount',			1),
		('P0K_HUNGARY_MINOR_CIV_MILITARISTIC_PRODUCTION_FOR_CONSULATE',						'Amount',			1),		
		('P0K_HUNGARY_MINOR_CIV_MILITARISTIC_PRODUCTION_FOR_MILITARY_ACADEMY_ETHIOPIA',		'Amount',			1),
		('P0K_HUNGARY_MINOR_CIV_MILITARISTIC_PRODUCTION_FOR_CHANCERY',						'Amount',			1),

		('P0K_HUNGARY_MINOR_CIV_INDUSTRIAL_SMALL_INFLUENCE_BONUS_BUILDING_CAPITAL',			'ModifierId',		'P0K_HUNGARY_MINOR_CIV_INDUSTRIAL_BUILDING_PRODUCTION_FOR_CAPITAL_ETHIOPIA'),
		('P0K_HUNGARY_MINOR_CIV_INDUSTRIAL_SMALL_INFLUENCE_BONUS_DISTRICT_CAPITAL',			'ModifierId',		'P0K_HUNGARY_MINOR_CIV_INDUSTRIAL_DISTRICT_PRODUCTION_FOR_CAPITAL_ETHIOPIA'),
		('P0K_HUNGARY_MINOR_CIV_INDUSTRIAL_SMALL_INFLUENCE_ETHIOPIA_BUILDING',				'ModifierId',		'P0K_HUNGARY_MINOR_CIV_INDUSTRIAL_BUILDING_PRODUCTION_FOR_WORKSHOP_ETHIOPIA'),
		('P0K_HUNGARY_MINOR_CIV_INDUSTRIAL_SMALL_INFLUENCE_ETHIOPIA_DISTRICT',				'ModifierId',		'P0K_HUNGARY_MINOR_CIV_INDUSTRIAL_DISTRICT_PRODUCTION_FOR_WORKSHOP_ETHIOPIA'),		
		('P0K_HUNGARY_MINOR_CIV_INDUSTRIAL_MEDIUM_INFLUENCE_FACTORY_BUILDING',				'ModifierId',		'P0K_HUNGARY_MINOR_CIV_INDUSTRIAL_BUILDING_PRODUCTION_FOR_FACTORY_ETHIOPIA'),
		('P0K_HUNGARY_MINOR_CIV_INDUSTRIAL_MEDIUM_INFLUENCE_FACTORY_DISTRICT',				'ModifierId',		'P0K_HUNGARY_MINOR_CIV_INDUSTRIAL_DISTRICT_PRODUCTION_FOR_FACTORY_ETHIOPIA'),	
		('P0K_HUNGARY_MINOR_CIV_INDUSTRIAL_MEDIUM_INFLUENCE_ETHIOPIA_BUILDING',				'ModifierId',		'P0K_HUNGARY_MINOR_CIV_INDUSTRIAL_BUILDING_PRODUCTION_FOR_CONSULATE'),
		('P0K_HUNGARY_MINOR_CIV_INDUSTRIAL_MEDIUM_INFLUENCE_ETHIOPIA_DISTRICT',				'ModifierId',		'P0K_HUNGARY_MINOR_CIV_INDUSTRIAL_DISTRICT_PRODUCTION_FOR_CONSULATE'),	
		('P0K_HUNGARY_MINOR_CIV_INDUSTRIAL_LARGE_INFLUENCE_POWER_PLANT_BUILDING',			'ModifierId',		'P0K_HUNGARY_MINOR_CIV_INDUSTRIAL_BUILDING_PRODUCTION_FOR_POWER_PLANT_ETHIOPIA'),
		('P0K_HUNGARY_MINOR_CIV_INDUSTRIAL_LARGE_INFLUENCE_POWER_PLANT_DISTRICT',			'ModifierId',		'P0K_HUNGARY_MINOR_CIV_INDUSTRIAL_DISTRICT_PRODUCTION_FOR_POWER_PLANT_ETHIOPIA'),
		('P0K_HUNGARY_MINOR_CIV_INDUSTRIAL_LARGE_INFLUENCE_ETHIOPIA_BUILDING',				'ModifierId',		'P0K_HUNGARY_MINOR_CIV_INDUSTRIAL_BUILDING_PRODUCTION_FOR_ETHIOPIA_ETHIOPIA'),
		('P0K_HUNGARY_MINOR_CIV_INDUSTRIAL_LARGE_INFLUENCE_ETHIOPIA_DISTRICT',				'ModifierId',		'P0K_HUNGARY_MINOR_CIV_INDUSTRIAL_DISTRICT_PRODUCTION_FOR_ETHIOPIA_ETHIOPIA'),	
		('P0K_HUNGARY_MINOR_CIV_INDUSTRIAL_BUILDING_PRODUCTION_FOR_CAPITAL_ETHIOPIA',		'Amount',			1),
		('P0K_HUNGARY_MINOR_CIV_INDUSTRIAL_DISTRICT_PRODUCTION_FOR_CAPITAL_ETHIOPIA',		'Amount',			1),
		('P0K_HUNGARY_MINOR_CIV_INDUSTRIAL_BUILDING_PRODUCTION_FOR_WORKSHOP_ETHIOPIA',		'Amount',			1),
		('P0K_HUNGARY_MINOR_CIV_INDUSTRIAL_DISTRICT_PRODUCTION_FOR_WORKSHOP_ETHIOPIA',		'Amount',			1),	
		('P0K_HUNGARY_MINOR_CIV_INDUSTRIAL_BUILDING_PRODUCTION_FOR_FACTORY_ETHIOPIA',		'Amount',			1),
		('P0K_HUNGARY_MINOR_CIV_INDUSTRIAL_DISTRICT_PRODUCTION_FOR_FACTORY_ETHIOPIA',		'Amount',			1),	
		('P0K_HUNGARY_MINOR_CIV_INDUSTRIAL_BUILDING_PRODUCTION_FOR_CONSULATE',				'Amount',			1),
		('P0K_HUNGARY_MINOR_CIV_INDUSTRIAL_DISTRICT_PRODUCTION_FOR_CONSULATE',				'Amount',			1),			
		('P0K_HUNGARY_MINOR_CIV_INDUSTRIAL_BUILDING_PRODUCTION_FOR_POWER_PLANT_ETHIOPIA',	'Amount',			1),
		('P0K_HUNGARY_MINOR_CIV_INDUSTRIAL_DISTRICT_PRODUCTION_FOR_POWER_PLANT_ETHIOPIA',	'Amount',			1),
		('P0K_HUNGARY_MINOR_CIV_INDUSTRIAL_BUILDING_PRODUCTION_FOR_CHANCERY',				'Amount',			1),
		('P0K_HUNGARY_MINOR_CIV_INDUSTRIAL_DISTRICT_PRODUCTION_FOR_CHANCERY',				'Amount',			1),	

		('P0K_HUNGARY_MINOR_CIV_TRADE_SMALL_INFLUENCE_CAPITAL',								'ModifierId',		'P0K_HUNGARY_MINOR_CIV_TRADE_YIELD_FOR_CAPITAL_ETHIOPIA'),
		('P0K_HUNGARY_MINOR_CIV_TRADE_SMALL_INFLUENCE_ETHIOPIA',							'ModifierId',		'P0K_HUNGARY_MINOR_CIV_TRADE_YIELD_FOR_MARKET_ETHIOPIA'),
		('P0K_HUNGARY_MINOR_CIV_TRADE_SMALL_INFLUENCE_LIGHTHOUSE',							'ModifierId',		'P0K_HUNGARY_MINOR_CIV_TRADE_YIELD_FOR_LIGHTHOUSE_ETHIOPIA'),	
		('P0K_HUNGARY_MINOR_CIV_TRADE_MEDIUM_INFLUENCE_BANK',								'ModifierId',		'P0K_HUNGARY_MINOR_CIV_TRADE_YIELD_FOR_BANK_ETHIOPIA'),
		('P0K_HUNGARY_MINOR_CIV_TRADE_MEDIUM_INFLUENCE_SHIPYARD',							'ModifierId',		'P0K_HUNGARY_MINOR_CIV_TRADE_YIELD_FOR_SHIPYARD_ETHIOPIA'),
		('P0K_HUNGARY_MINOR_CIV_TRADE_MEDIUM_INFLUENCE_ETHIOPIA',							'ModifierId',		'P0K_HUNGARY_MINOR_CIV_TRADE_YIELD_FOR_CONSULATE'),
		('P0K_HUNGARY_MINOR_CIV_TRADE_LARGE_INFLUENCE_STOCK_EXCHANGE',						'ModifierId',		'P0K_HUNGARY_MINOR_CIV_TRADE_YIELD_FOR_STOCK_EXCHANGE'),
		('P0K_HUNGARY_MINOR_CIV_TRADE_LARGE_INFLUENCE_SEAPORT',								'ModifierId',		'P0K_HUNGARY_MINOR_CIV_TRADE_YIELD_FOR_SEAPORT'),
		('P0K_HUNGARY_MINOR_CIV_TRADE_LARGE_INFLUENCE_ETHIOPIA',							'ModifierId',		'P0K_HUNGARY_MINOR_CIV_TRADE_YIELD_FOR_CHANCERY'),
		('P0K_HUNGARY_MINOR_CIV_TRADE_YIELD_FOR_CAPITAL_ETHIOPIA',							'YieldType',		'YIELD_GOLD'),
		('P0K_HUNGARY_MINOR_CIV_TRADE_YIELD_FOR_CAPITAL_ETHIOPIA',							'Amount',			1),
		('P0K_HUNGARY_MINOR_CIV_TRADE_YIELD_FOR_MARKET_ETHIOPIA',							'YieldType',		'YIELD_GOLD'),
		('P0K_HUNGARY_MINOR_CIV_TRADE_YIELD_FOR_MARKET_ETHIOPIA',							'Amount',			1),
		('P0K_HUNGARY_MINOR_CIV_TRADE_YIELD_FOR_MARKET_ETHIOPIA',							'BuildingType',		'BUILDING_MARKET'),
		('P0K_HUNGARY_MINOR_CIV_TRADE_YIELD_FOR_MARKET_ETHIOPIA',							'CityStatesOnly',	1),
		('P0K_HUNGARY_MINOR_CIV_TRADE_YIELD_FOR_LIGHTHOUSE_ETHIOPIA',						'YieldType',		'YIELD_GOLD'),
		('P0K_HUNGARY_MINOR_CIV_TRADE_YIELD_FOR_LIGHTHOUSE_ETHIOPIA',						'Amount',			1),
		('P0K_HUNGARY_MINOR_CIV_TRADE_YIELD_FOR_LIGHTHOUSE_ETHIOPIA',						'BuildingType',		'BUILDING_LIGHTHOUSE'),
		('P0K_HUNGARY_MINOR_CIV_TRADE_YIELD_FOR_LIGHTHOUSE_ETHIOPIA',						'CityStatesOnly',	1),
		('P0K_HUNGARY_MINOR_CIV_TRADE_YIELD_FOR_BANK_ETHIOPIA',								'YieldType',		'YIELD_GOLD'),
		('P0K_HUNGARY_MINOR_CIV_TRADE_YIELD_FOR_BANK_ETHIOPIA',								'Amount',			1),
		('P0K_HUNGARY_MINOR_CIV_TRADE_YIELD_FOR_BANK_ETHIOPIA',								'BuildingType',		'BUILDING_BANK'),
		('P0K_HUNGARY_MINOR_CIV_TRADE_YIELD_FOR_BANK_ETHIOPIA',								'CityStatesOnly',	1),
		('P0K_HUNGARY_MINOR_CIV_TRADE_YIELD_FOR_SHIPYARD_ETHIOPIA',							'YieldType',		'YIELD_GOLD'),
		('P0K_HUNGARY_MINOR_CIV_TRADE_YIELD_FOR_SHIPYARD_ETHIOPIA',							'Amount',			1),
		('P0K_HUNGARY_MINOR_CIV_TRADE_YIELD_FOR_SHIPYARD_ETHIOPIA',							'BuildingType',		'BUILDING_SHIPYARD'),
		('P0K_HUNGARY_MINOR_CIV_TRADE_YIELD_FOR_SHIPYARD_ETHIOPIA',							'CityStatesOnly',	1),
		('P0K_HUNGARY_MINOR_CIV_TRADE_YIELD_FOR_CONSULATE',									'YieldType',		'YIELD_GOLD'),
		('P0K_HUNGARY_MINOR_CIV_TRADE_YIELD_FOR_CONSULATE',									'Amount',			1),
		('P0K_HUNGARY_MINOR_CIV_TRADE_YIELD_FOR_CONSULATE',									'BuildingType',		'BUILDING_CONSULATE'),
		('P0K_HUNGARY_MINOR_CIV_TRADE_YIELD_FOR_CONSULATE',									'CityStatesOnly',	1),		
		('P0K_HUNGARY_MINOR_CIV_TRADE_YIELD_FOR_STOCK_EXCHANGE',							'YieldType',		'YIELD_GOLD'),
		('P0K_HUNGARY_MINOR_CIV_TRADE_YIELD_FOR_STOCK_EXCHANGE',							'Amount',			1),
		('P0K_HUNGARY_MINOR_CIV_TRADE_YIELD_FOR_STOCK_EXCHANGE',							'BuildingType',		'BUILDING_STOCK_EXCHANGE'),
		('P0K_HUNGARY_MINOR_CIV_TRADE_YIELD_FOR_STOCK_EXCHANGE',							'CityStatesOnly',	1),
		('P0K_HUNGARY_MINOR_CIV_TRADE_YIELD_FOR_SEAPORT',									'YieldType',		'YIELD_GOLD'),
		('P0K_HUNGARY_MINOR_CIV_TRADE_YIELD_FOR_SEAPORT',									'Amount',			1),
		('P0K_HUNGARY_MINOR_CIV_TRADE_YIELD_FOR_SEAPORT',									'BuildingType',		'BUILDING_SEAPORT'),
		('P0K_HUNGARY_MINOR_CIV_TRADE_YIELD_FOR_SEAPORT',									'CityStatesOnly',	1),		
		('P0K_HUNGARY_MINOR_CIV_TRADE_YIELD_FOR_CHANCERY',									'YieldType',		'YIELD_GOLD'),
		('P0K_HUNGARY_MINOR_CIV_TRADE_YIELD_FOR_CHANCERY',									'Amount',			1),
		('P0K_HUNGARY_MINOR_CIV_TRADE_YIELD_FOR_CHANCERY',									'BuildingType',		'BUILDING_CHANCERY'),
		('P0K_HUNGARY_MINOR_CIV_TRADE_YIELD_FOR_CHANCERY',									'CityStatesOnly',	1);	
---------------------------------------------------------------------------------------------------------------	
-- ModifierStrings
---------------------------------------------------------------------------------------------------------------			
INSERT INTO ModifierStrings
		(ModifierId,															Context,	Text)
VALUES	('P0K_HUNGARY_MINOR_CIV_SCIENTIFIC_SMALL_INFLUENCE_ETHIOPIA',			'Preview',	'LOC_P0K_HUNGARY_MINOR_CIV_SCIENTIFIC_TRAIT_SMALL_INFLUENCE_BONUS'),
		('P0K_HUNGARY_MINOR_CIV_SCIENTIFIC_MEDIUM_INFLUENCE_ETHIOPIA',			'Preview',	'LOC_P0K_HUNGARY_MINOR_CIV_SCIENTIFIC_TRAIT_MEDIUM_INFLUENCE_BONUS'),
		('P0K_HUNGARY_MINOR_CIV_SCIENTIFIC_LARGE_INFLUENCE_ETHIOPIA',			'Preview',	'LOC_P0K_HUNGARY_MINOR_CIV_SCIENTIFIC_TRAIT_LARGE_INFLUENCE_BONUS'),
		('P0K_HUNGARY_MINOR_CIV_CULTURAL_SMALL_INFLUENCE_ETHIOPIA',				'Preview',	'LOC_P0K_HUNGARY_MINOR_CIV_CULTURAL_TRAIT_SMALL_INFLUENCE_BONUS'),
		('P0K_HUNGARY_MINOR_CIV_CULTURAL_MEDIUM_INFLUENCE_ETHIOPIA',			'Preview',	'LOC_P0K_HUNGARY_MINOR_CIV_CULTURAL_TRAIT_MEDIUM_INFLUENCE_BONUS'),
		('P0K_HUNGARY_MINOR_CIV_CULTURAL_LARGE_INFLUENCE_ETHIOPIA',				'Preview',	'LOC_P0K_HUNGARY_MINOR_CIV_CULTURAL_TRAIT_LARGE_INFLUENCE_BONUS'),
		('P0K_HUNGARY_MINOR_CIV_RELIGIOUS_SMALL_INFLUENCE_ETHIOPIA',			'Preview',	'LOC_P0K_HUNGARY_MINOR_CIV_RELIGIOUS_TRAIT_SMALL_INFLUENCE_BONUS'),
		('P0K_HUNGARY_MINOR_CIV_RELIGIOUS_MEDIUM_INFLUENCE_ETHIOPIA',			'Preview',	'LOC_P0K_HUNGARY_MINOR_CIV_RELIGIOUS_TRAIT_MEDIUM_INFLUENCE_BONUS'),
		('P0K_HUNGARY_MINOR_CIV_RELIGIOUS_LARGE_INFLUENCE_ETHIOPIA',			'Preview',	'LOC_P0K_HUNGARY_MINOR_CIV_RELIGIOUS_TRAIT_LARGE_INFLUENCE_BONUS'),
		('P0K_HUNGARY_MINOR_CIV_MILITARISTIC_SMALL_INFLUENCE_ETHIOPIA',			'Preview',	'LOC_P0K_HUNGARY_MINOR_CIV_MILITARISTIC_TRAIT_SMALL_INFLUENCE_BONUS'),
		('P0K_HUNGARY_MINOR_CIV_MILITARISTIC_MEDIUM_INFLUENCE_ETHIOPIA',		'Preview',	'LOC_P0K_HUNGARY_MINOR_CIV_MILITARISTIC_TRAIT_MEDIUM_INFLUENCE_BONUS'),
		('P0K_HUNGARY_MINOR_CIV_MILITARISTIC_LARGE_INFLUENCE_ETHIOPIA',			'Preview',	'LOC_P0K_HUNGARY_MINOR_CIV_MILITARISTIC_TRAIT_LARGE_INFLUENCE_BONUS'),
		('P0K_HUNGARY_MINOR_CIV_INDUSTRIAL_SMALL_INFLUENCE_ETHIOPIA_BUILDING',	'Preview',	'LOC_P0K_HUNGARY_MINOR_CIV_INDUSTRIAL_TRAIT_SMALL_INFLUENCE_BONUS'),
		('P0K_HUNGARY_MINOR_CIV_INDUSTRIAL_SMALL_INFLUENCE_ETHIOPIA_DISTRICT',	'Preview',	'LOC_P0K_HUNGARY_MINOR_CIV_INDUSTRIAL_TRAIT_SMALL_INFLUENCE_BONUS'),
		('P0K_HUNGARY_MINOR_CIV_INDUSTRIAL_MEDIUM_INFLUENCE_ETHIOPIA_BUILDING',	'Preview',	'LOC_P0K_HUNGARY_MINOR_CIV_INDUSTRIAL_TRAIT_MEDIUM_INFLUENCE_BONUS'),
		('P0K_HUNGARY_MINOR_CIV_INDUSTRIAL_MEDIUM_INFLUENCE_ETHIOPIA_DISTRICT',	'Preview',	'LOC_P0K_HUNGARY_MINOR_CIV_INDUSTRIAL_TRAIT_MEDIUM_INFLUENCE_BONUS'),
		('P0K_HUNGARY_MINOR_CIV_INDUSTRIAL_LARGE_INFLUENCE_ETHIOPIA_BUILDING',	'Preview',	'LOC_P0K_HUNGARY_MINOR_CIV_INDUSTRIAL_TRAIT_LARGE_INFLUENCE_BONUS'),
		('P0K_HUNGARY_MINOR_CIV_INDUSTRIAL_LARGE_INFLUENCE_ETHIOPIA_DISTRICT',	'Preview',	'LOC_P0K_HUNGARY_MINOR_CIV_INDUSTRIAL_TRAIT_LARGE_INFLUENCE_BONUS'),
		('P0K_HUNGARY_MINOR_CIV_TRADE_SMALL_INFLUENCE_ETHIOPIA',				'Preview',	'LOC_P0K_HUNGARY_MINOR_CIV_TRADE_TRAIT_SMALL_INFLUENCE_BONUS'),
		('P0K_HUNGARY_MINOR_CIV_TRADE_MEDIUM_INFLUENCE_ETHIOPIA',				'Preview',	'LOC_P0K_HUNGARY_MINOR_CIV_TRADE_TRAIT_MEDIUM_INFLUENCE_BONUS'),
		('P0K_HUNGARY_MINOR_CIV_TRADE_LARGE_INFLUENCE_ETHIOPIA',				'Preview',	'LOC_P0K_HUNGARY_MINOR_CIV_TRADE_TRAIT_LARGE_INFLUENCE_BONUS');
---------------------------------------------------------------------------------------------------------------
-- TraitModifiers
---------------------------------------------------------------------------------------------------------------
INSERT INTO TraitModifiers
		(TraitType,							ModifierId)
VALUES	('MINOR_CIV_SCIENTIFIC_TRAIT',	'P0K_HUNGARY_MINOR_CIV_SCIENTIFIC_SMALL_INFLUENCE_CAPITAL'),
		('MINOR_CIV_SCIENTIFIC_TRAIT',	'P0K_HUNGARY_MINOR_CIV_SCIENTIFIC_SMALL_INFLUENCE_ETHIOPIA'),
		('MINOR_CIV_SCIENTIFIC_TRAIT',	'P0K_HUNGARY_MINOR_CIV_SCIENTIFIC_MEDIUM_INFLUENCE_UNIVERSITY'),
		('MINOR_CIV_SCIENTIFIC_TRAIT',	'P0K_HUNGARY_MINOR_CIV_SCIENTIFIC_MEDIUM_INFLUENCE_ETHIOPIA'),
		('MINOR_CIV_SCIENTIFIC_TRAIT',	'P0K_HUNGARY_MINOR_CIV_SCIENTIFIC_LARGE_INFLUENCE_RESEARCH_LAB'),
		('MINOR_CIV_SCIENTIFIC_TRAIT',	'P0K_HUNGARY_MINOR_CIV_SCIENTIFIC_LARGE_INFLUENCE_ETHIOPIA'),

		('MINOR_CIV_CULTURAL_TRAIT',	'P0K_HUNGARY_MINOR_CIV_CULTURAL_SMALL_INFLUENCE_CAPITAL'),
		('MINOR_CIV_CULTURAL_TRAIT',	'P0K_HUNGARY_MINOR_CIV_CULTURAL_SMALL_INFLUENCE_ETHIOPIA'),
		('MINOR_CIV_CULTURAL_TRAIT',	'P0K_HUNGARY_MINOR_CIV_CULTURAL_MEDIUM_INFLUENCE_MUSEUM_ART'),
		('MINOR_CIV_CULTURAL_TRAIT',	'P0K_HUNGARY_MINOR_CIV_CULTURAL_MEDIUM_INFLUENCE_MUSEUM_ARTIFACT'),
		('MINOR_CIV_CULTURAL_TRAIT',	'P0K_HUNGARY_MINOR_CIV_CULTURAL_MEDIUM_INFLUENCE_ETHIOPIA'),
		('MINOR_CIV_CULTURAL_TRAIT',	'P0K_HUNGARY_MINOR_CIV_CULTURAL_LARGE_INFLUENCE_BROADCAST_CENTER'),
		('MINOR_CIV_CULTURAL_TRAIT',	'P0K_HUNGARY_MINOR_CIV_CULTURAL_LARGE_INFLUENCE_ETHIOPIA'),

		('MINOR_CIV_RELIGIOUS_TRAIT',	'P0K_HUNGARY_MINOR_CIV_RELIGIOUS_SMALL_INFLUENCE_CAPITAL'),
		('MINOR_CIV_RELIGIOUS_TRAIT',	'P0K_HUNGARY_MINOR_CIV_RELIGIOUS_SMALL_INFLUENCE_ETHIOPIA'),
		('MINOR_CIV_RELIGIOUS_TRAIT',	'P0K_HUNGARY_MINOR_CIV_RELIGIOUS_MEDIUM_INFLUENCE_TEMPLE'),
		('MINOR_CIV_RELIGIOUS_TRAIT',	'P0K_HUNGARY_MINOR_CIV_RELIGIOUS_MEDIUM_INFLUENCE_ETHIOPIA'),		
		('MINOR_CIV_RELIGIOUS_TRAIT',	'P0K_HUNGARY_MINOR_CIV_RELIGIOUS_LARGE_INFLUENCE_CATHEDRAL'),
		('MINOR_CIV_RELIGIOUS_TRAIT',	'P0K_HUNGARY_MINOR_CIV_RELIGIOUS_LARGE_INFLUENCE_DAR_E_MEHR'),
		('MINOR_CIV_RELIGIOUS_TRAIT',	'P0K_HUNGARY_MINOR_CIV_RELIGIOUS_LARGE_INFLUENCE_GURDWARA'),
		('MINOR_CIV_RELIGIOUS_TRAIT',	'P0K_HUNGARY_MINOR_CIV_RELIGIOUS_LARGE_INFLUENCE_MEETING_HOUSE'),
		('MINOR_CIV_RELIGIOUS_TRAIT',	'P0K_HUNGARY_MINOR_CIV_RELIGIOUS_LARGE_INFLUENCE_MOSQUE'),
		('MINOR_CIV_RELIGIOUS_TRAIT',	'P0K_HUNGARY_MINOR_CIV_RELIGIOUS_LARGE_INFLUENCE_PAGODA'),
		('MINOR_CIV_RELIGIOUS_TRAIT',	'P0K_HUNGARY_MINOR_CIV_RELIGIOUS_LARGE_INFLUENCE_STUPA'),
		('MINOR_CIV_RELIGIOUS_TRAIT',	'P0K_HUNGARY_MINOR_CIV_RELIGIOUS_LARGE_INFLUENCE_SYNAGOGUE'),
		('MINOR_CIV_RELIGIOUS_TRAIT',	'P0K_HUNGARY_MINOR_CIV_RELIGIOUS_LARGE_INFLUENCE_WAT'),
		('MINOR_CIV_RELIGIOUS_TRAIT',	'P0K_HUNGARY_MINOR_CIV_RELIGIOUS_LARGE_INFLUENCE_ETHIOPIA'),

		('MINOR_CIV_MILITARISTIC_TRAIT',	'P0K_HUNGARY_MINOR_CIV_MILITARISTIC_SMALL_INFLUENCE_CAPITAL'),
		('MINOR_CIV_MILITARISTIC_TRAIT',	'P0K_HUNGARY_MINOR_CIV_MILITARISTIC_SMALL_INFLUENCE_ETHIOPIA'),
		('MINOR_CIV_MILITARISTIC_TRAIT',	'P0K_HUNGARY_MINOR_CIV_MILITARISTIC_MEDIUM_INFLUENCE_ARMORY'),
		('MINOR_CIV_MILITARISTIC_TRAIT',	'P0K_HUNGARY_MINOR_CIV_MILITARISTIC_MEDIUM_INFLUENCE_ETHIOPIA'),		
		('MINOR_CIV_MILITARISTIC_TRAIT',	'P0K_HUNGARY_MINOR_CIV_MILITARISTIC_LARGE_INFLUENCE_MILITARY_ACADEMY'),
		('MINOR_CIV_MILITARISTIC_TRAIT',	'P0K_HUNGARY_MINOR_CIV_MILITARISTIC_LARGE_INFLUENCE_ETHIOPIA'),
		('MINOR_CIV_MILITARISTIC_TRAIT',		'P0K_HUNGARY_MINOR_CIV_INDUSTRIAL_SMALL_INFLUENCE_BONUS_BUILDING_CAPITAL'),
		('MINOR_CIV_MILITARISTIC_TRAIT',		'P0K_HUNGARY_MINOR_CIV_INDUSTRIAL_SMALL_INFLUENCE_BONUS_DISTRICT_CAPITAL'),
		('MINOR_CIV_MILITARISTIC_TRAIT',		'P0K_HUNGARY_MINOR_CIV_INDUSTRIAL_SMALL_INFLUENCE_ETHIOPIA_BUILDING'),
		('MINOR_CIV_MILITARISTIC_TRAIT',		'P0K_HUNGARY_MINOR_CIV_INDUSTRIAL_SMALL_INFLUENCE_ETHIOPIA_DISTRICT'),	
		('MINOR_CIV_MILITARISTIC_TRAIT',		'P0K_HUNGARY_MINOR_CIV_INDUSTRIAL_MEDIUM_INFLUENCE_FACTORY_BUILDING'),
		('MINOR_CIV_MILITARISTIC_TRAIT',		'P0K_HUNGARY_MINOR_CIV_INDUSTRIAL_MEDIUM_INFLUENCE_FACTORY_DISTRICT'),
		('MINOR_CIV_MILITARISTIC_TRAIT',		'P0K_HUNGARY_MINOR_CIV_INDUSTRIAL_MEDIUM_INFLUENCE_ETHIOPIA_BUILDING'),
		('MINOR_CIV_MILITARISTIC_TRAIT',		'P0K_HUNGARY_MINOR_CIV_INDUSTRIAL_MEDIUM_INFLUENCE_ETHIOPIA_DISTRICT'),		
		('MINOR_CIV_MILITARISTIC_TRAIT',		'P0K_HUNGARY_MINOR_CIV_INDUSTRIAL_LARGE_INFLUENCE_POWER_PLANT_BUILDING'),
		('MINOR_CIV_MILITARISTIC_TRAIT',		'P0K_HUNGARY_MINOR_CIV_INDUSTRIAL_LARGE_INFLUENCE_POWER_PLANT_DISTRICT'),
		('MINOR_CIV_MILITARISTIC_TRAIT',		'P0K_HUNGARY_MINOR_CIV_INDUSTRIAL_LARGE_INFLUENCE_ETHIOPIA_BUILDING'),
		('MINOR_CIV_MILITARISTIC_TRAIT',		'P0K_HUNGARY_MINOR_CIV_INDUSTRIAL_LARGE_INFLUENCE_ETHIOPIA_DISTRICT'),

		('MINOR_CIV_TRADE_TRAIT',			'P0K_HUNGARY_MINOR_CIV_TRADE_SMALL_INFLUENCE_CAPITAL'),
		('MINOR_CIV_TRADE_TRAIT',			'P0K_HUNGARY_MINOR_CIV_TRADE_SMALL_INFLUENCE_ETHIOPIA'),
		('MINOR_CIV_TRADE_TRAIT',			'P0K_HUNGARY_MINOR_CIV_TRADE_SMALL_INFLUENCE_LIGHTHOUSE'),
		('MINOR_CIV_TRADE_TRAIT',			'P0K_HUNGARY_MINOR_CIV_TRADE_MEDIUM_INFLUENCE_BANK'),
		('MINOR_CIV_TRADE_TRAIT',			'P0K_HUNGARY_MINOR_CIV_TRADE_MEDIUM_INFLUENCE_SHIPYARD'),
		('MINOR_CIV_TRADE_TRAIT',			'P0K_HUNGARY_MINOR_CIV_TRADE_MEDIUM_INFLUENCE_ETHIOPIA'),	
		('MINOR_CIV_TRADE_TRAIT',			'P0K_HUNGARY_MINOR_CIV_TRADE_LARGE_INFLUENCE_STOCK_EXCHANGE'),
		('MINOR_CIV_TRADE_TRAIT',			'P0K_HUNGARY_MINOR_CIV_TRADE_LARGE_INFLUENCE_SEAPORT'),
		('MINOR_CIV_TRADE_TRAIT',			'P0K_HUNGARY_MINOR_CIV_TRADE_LARGE_INFLUENCE_ETHIOPIA');	