/* 
	Civilizations Expanded: Matthias Matthias Corvinus Ability (Ethiopia DLC not activated)
	Author: p0kiehl
*/
--=============================================================================================================
-- LEADER UNIQUE ABILITY: RAVEN KING (ENHANCEMENT)
--=============================================================================================================
-- Receive +1 to all type bonuses from City-State tributaries.
--=============================================================================================================
-- Requirements
---------------------------------------------------------------------------------------------------------------
INSERT INTO Requirements
		(RequirementId,											RequirementType)
VALUES	('P0K_HUNGARY_REQUIRES_LEADER_IS_MATTHIAS_CORVINUS',	'REQUIREMENT_PLAYER_LEADER_TYPE_MATCHES');
---------------------------------------------------------------------------------------------------------------
-- RequirementArguments
---------------------------------------------------------------------------------------------------------------
INSERT INTO RequirementArguments
		(RequirementId,											Name,			Value)
VALUES	('P0K_HUNGARY_REQUIRES_LEADER_IS_MATTHIAS_CORVINUS',	'LeaderType',	'LEADER_MATTHIAS_CORVINUS');
---------------------------------------------------------------------------------------------------------------
-- RequirementSets
---------------------------------------------------------------------------------------------------------------
INSERT INTO RequirementSets
		(RequirementSetId,								RequirementSetType)
VALUES	('P0K_HUNGARY_MATTHIAS_HAS_SMALL_INFLUENCE',	'REQUIREMENTSET_TEST_ALL'),
		('P0K_HUNGARY_MATTHIAS_HAS_MEDIUM_INFLUENCE',	'REQUIREMENTSET_TEST_ALL'),
		('P0K_HUNGARY_MATTHIAS_HAS_LARGE_INFLUENCE',	'REQUIREMENTSET_TEST_ALL');
---------------------------------------------------------------------------------------------------------------
-- RequirementSetRequirements
---------------------------------------------------------------------------------------------------------------
INSERT INTO RequirementSetRequirements
		(RequirementSetId,								RequirementId)
VALUES	('P0K_HUNGARY_MATTHIAS_HAS_SMALL_INFLUENCE',	'P0K_HUNGARY_REQUIRES_LEADER_IS_MATTHIAS_CORVINUS'),
		('P0K_HUNGARY_MATTHIAS_HAS_SMALL_INFLUENCE',	'REQUIRES_PLAYER_IS_SUZERAIN'),
		('P0K_HUNGARY_MATTHIAS_HAS_SMALL_INFLUENCE',	'REQUIRES_PLAYER_AT_PEACE'),
		('P0K_HUNGARY_MATTHIAS_HAS_SMALL_INFLUENCE',	'REQUIRES_PLAYER_HAS_SMALL_INFLUENCE'),
		('P0K_HUNGARY_MATTHIAS_HAS_MEDIUM_INFLUENCE',	'P0K_HUNGARY_REQUIRES_LEADER_IS_MATTHIAS_CORVINUS'),
		('P0K_HUNGARY_MATTHIAS_HAS_MEDIUM_INFLUENCE',	'REQUIRES_PLAYER_IS_SUZERAIN'),
		('P0K_HUNGARY_MATTHIAS_HAS_MEDIUM_INFLUENCE',	'REQUIRES_PLAYER_AT_PEACE'),
		('P0K_HUNGARY_MATTHIAS_HAS_MEDIUM_INFLUENCE',	'REQUIRES_PLAYER_HAS_MEDIUM_INFLUENCE'),
		('P0K_HUNGARY_MATTHIAS_HAS_LARGE_INFLUENCE',	'P0K_HUNGARY_REQUIRES_LEADER_IS_MATTHIAS_CORVINUS'),
		('P0K_HUNGARY_MATTHIAS_HAS_LARGE_INFLUENCE',	'REQUIRES_PLAYER_IS_SUZERAIN'),
		('P0K_HUNGARY_MATTHIAS_HAS_LARGE_INFLUENCE',	'REQUIRES_PLAYER_AT_PEACE'),
		('P0K_HUNGARY_MATTHIAS_HAS_LARGE_INFLUENCE',	'REQUIRES_PLAYER_HAS_LARGE_INFLUENCE');
---------------------------------------------------------------------------------------------------------------
-- Modifiers
---------------------------------------------------------------------------------------------------------------
INSERT INTO Modifiers
		(ModifierId,														ModifierType,												SubjectRequirementSetId)
VALUES	('P0K_TRAIT_MINOR_CIV_SCIENTIFIC_SMALL_INFLUENCE_BONUS',			'MODIFIER_ALL_PLAYERS_ATTACH_MODIFIER',						'P0K_HUNGARY_MATTHIAS_HAS_SMALL_INFLUENCE'),
		('P0K_TRAIT_MINOR_CIV_SCIENTIFIC_YIELD_FOR_CAPITAL',				'MODIFIER_PLAYER_CAPITAL_CITY_ADJUST_CITY_YIELD_CHANGE',	NULL),
		('P0K_TRAIT_MINOR_CIV_SCIENTIFIC_MEDIUM_INFLUENCE_BONUS',			'MODIFIER_ALL_PLAYERS_ATTACH_MODIFIER',						'P0K_HUNGARY_MATTHIAS_HAS_MEDIUM_INFLUENCE'),
		('P0K_TRAIT_MINOR_CIV_SCIENTIFIC_YIELD_FOR_LIBRARY',				'MODIFIER_PLAYER_CITIES_ADJUST_BUILDING_YIELD_CHANGE',		NULL),
		('P0K_TRAIT_MINOR_CIV_SCIENTIFIC_LARGE_INFLUENCE_BONUS',			'MODIFIER_ALL_PLAYERS_ATTACH_MODIFIER',						'P0K_HUNGARY_MATTHIAS_HAS_LARGE_INFLUENCE'),
		('P0K_TRAIT_MINOR_CIV_SCIENTIFIC_YIELD_FOR_UNIVERSITY',				'MODIFIER_PLAYER_CITIES_ADJUST_BUILDING_YIELD_CHANGE',		NULL),	
		('P0K_TRAIT_MINOR_CIV_CULTURAL_SMALL_INFLUENCE_BONUS',				'MODIFIER_ALL_PLAYERS_ATTACH_MODIFIER',						'P0K_HUNGARY_MATTHIAS_HAS_SMALL_INFLUENCE'),
		('P0K_TRAIT_MINOR_CIV_CULTURAL_YIELD_FOR_CAPITAL',					'MODIFIER_PLAYER_CAPITAL_CITY_ADJUST_CITY_YIELD_CHANGE',	NULL),
		('P0K_TRAIT_MINOR_CIV_CULTURAL_MEDIUM_INFLUENCE_BONUS',				'MODIFIER_ALL_PLAYERS_ATTACH_MODIFIER',						'P0K_HUNGARY_MATTHIAS_HAS_MEDIUM_INFLUENCE'),
		('P0K_TRAIT_MINOR_CIV_CULTURAL_YIELD_FOR_AMPHITHEATER',				'MODIFIER_PLAYER_CITIES_ADJUST_BUILDING_YIELD_CHANGE',		NULL),
		('P0K_TRAIT_MINOR_CIV_CULTURAL_LARGE_INFLUENCE_BONUS_ART',			'MODIFIER_ALL_PLAYERS_ATTACH_MODIFIER',						'P0K_HUNGARY_MATTHIAS_HAS_LARGE_INFLUENCE'),
		('P0K_TRAIT_MINOR_CIV_CULTURAL_YIELD_FOR_ART',						'MODIFIER_PLAYER_CITIES_ADJUST_BUILDING_YIELD_CHANGE',		NULL),
		('P0K_TRAIT_MINOR_CIV_CULTURAL_LARGE_INFLUENCE_BONUS_ARTIFACT',		'MODIFIER_ALL_PLAYERS_ATTACH_MODIFIER',						'P0K_HUNGARY_MATTHIAS_HAS_LARGE_INFLUENCE'),
		('P0K_TRAIT_MINOR_CIV_CULTURAL_YIELD_FOR_ARTIFACT',					'MODIFIER_PLAYER_CITIES_ADJUST_BUILDING_YIELD_CHANGE',		NULL),		
		('P0K_TRAIT_MINOR_CIV_RELIGIOUS_SMALL_INFLUENCE_BONUS',				'MODIFIER_ALL_PLAYERS_ATTACH_MODIFIER',						'P0K_HUNGARY_MATTHIAS_HAS_SMALL_INFLUENCE'),
		('P0K_TRAIT_MINOR_CIV_RELIGIOUS_YIELD_FOR_CAPITAL',					'MODIFIER_PLAYER_CAPITAL_CITY_ADJUST_CITY_YIELD_CHANGE',	NULL),
		('P0K_TRAIT_MINOR_CIV_RELIGIOUS_MEDIUM_INFLUENCE_BONUS',			'MODIFIER_ALL_PLAYERS_ATTACH_MODIFIER',						'P0K_HUNGARY_MATTHIAS_HAS_MEDIUM_INFLUENCE'),
		('P0K_TRAIT_MINOR_CIV_RELIGIOUS_YIELD_FOR_SHRINE',					'MODIFIER_PLAYER_CITIES_ADJUST_BUILDING_YIELD_CHANGE',		NULL),
		('P0K_TRAIT_MINOR_CIV_RELIGIOUS_LARGE_INFLUENCE_BONUS',				'MODIFIER_ALL_PLAYERS_ATTACH_MODIFIER',						'P0K_HUNGARY_MATTHIAS_HAS_LARGE_INFLUENCE'),
		('P0K_TRAIT_MINOR_CIV_RELIGIOUS_YIELD_FOR_TEMPLE',					'MODIFIER_PLAYER_CITIES_ADJUST_BUILDING_YIELD_CHANGE',		NULL),
		('P0K_TRAIT_MINOR_CIV_INDUSTRIAL_SMALL_INFLUENCE_BONUS_BUILDING',	'MODIFIER_ALL_PLAYERS_ATTACH_MODIFIER',						'P0K_HUNGARY_MATTHIAS_HAS_SMALL_INFLUENCE'),
		('P0K_TRAIT_MINOR_CIV_INDUSTRIAL_BUILDING_PRODUCTION_FOR_CAPITAL',	'MODIFIER_PLAYER_CAPITAL_CITY_ADJUST_BUILDING_PRODUCTION',	NULL),
		('P0K_TRAIT_MINOR_CIV_INDUSTRIAL_SMALL_INFLUENCE_BONUS_DISTRICT',	'MODIFIER_ALL_PLAYERS_ATTACH_MODIFIER',						'P0K_HUNGARY_MATTHIAS_HAS_SMALL_INFLUENCE'),
		('P0K_TRAIT_MINOR_CIV_INDUSTRIAL_DISTRICT_PRODUCTION_FOR_CAPITAL',	'MODIFIER_PLAYER_CAPITAL_CITY_ADJUST_DISTRICT_PRODUCTION',	NULL),
		('P0K_TRAIT_MINOR_CIV_INDUSTRIAL_MEDIUM_INFLUENCE_BONUS_BUILDING',	'MODIFIER_ALL_PLAYERS_ATTACH_MODIFIER',						'P0K_HUNGARY_MATTHIAS_HAS_MEDIUM_INFLUENCE'),
		('P0K_TRAIT_MINOR_CIV_INDUSTRIAL_BUILDING_PRODUCTION_FOR_WORKSHOP',	'MODIFIER_PLAYER_CITIES_ADJUST_BUILDING_PRODUCTION_CHANGE',	'BUILDING_IS_WORKSHOP'),
		('P0K_TRAIT_MINOR_CIV_INDUSTRIAL_MEDIUM_INFLUENCE_BONUS_DISTRICT',	'MODIFIER_ALL_PLAYERS_ATTACH_MODIFIER',						'P0K_HUNGARY_MATTHIAS_HAS_MEDIUM_INFLUENCE'),
		('P0K_TRAIT_MINOR_CIV_INDUSTRIAL_DISTRICT_PRODUCTION_FOR_WORKSHOP',	'MODIFIER_PLAYER_CITIES_ADJUST_DISTRICT_PRODUCTION_CHANGE',	'BUILDING_IS_WORKSHOP'),
		('P0K_TRAIT_MINOR_CIV_INDUSTRIAL_LARGE_INFLUENCE_BONUS_BUILDING',	'MODIFIER_ALL_PLAYERS_ATTACH_MODIFIER',						'P0K_HUNGARY_MATTHIAS_HAS_LARGE_INFLUENCE'),
		('P0K_TRAIT_MINOR_CIV_INDUSTRIAL_BUILDING_PRODUCTION_FOR_FACTORY',	'MODIFIER_PLAYER_CITIES_ADJUST_BUILDING_PRODUCTION_CHANGE',	'BUILDING_IS_FACTORY'),
		('P0K_TRAIT_MINOR_CIV_INDUSTRIAL_LARGE_INFLUENCE_BONUS_DISTRICT',	'MODIFIER_ALL_PLAYERS_ATTACH_MODIFIER',						'P0K_HUNGARY_MATTHIAS_HAS_LARGE_INFLUENCE'),
		('P0K_TRAIT_MINOR_CIV_INDUSTRIAL_DISTRICT_PRODUCTION_FOR_FACTORY',	'MODIFIER_PLAYER_CITIES_ADJUST_DISTRICT_PRODUCTION_CHANGE',	'BUILDING_IS_FACTORY'),
		('P0K_TRAIT_MINOR_CIV_MILITARISTIC_SMALL_INFLUENCE_BONUS',			'MODIFIER_ALL_PLAYERS_ATTACH_MODIFIER',						'P0K_HUNGARY_MATTHIAS_HAS_SMALL_INFLUENCE'),
		('P0K_TRAIT_MINOR_CIV_MILITARISTIC_PRODUCTION_FOR_CAPITAL',			'MODIFIER_PLAYER_CAPITAL_CITY_ADJUST_UNIT_PRODUCTION',		NULL),
		('P0K_TRAIT_MINOR_CIV_MILITARISTIC_MEDIUM_INFLUENCE_BONUS',			'MODIFIER_ALL_PLAYERS_ATTACH_MODIFIER',						'P0K_HUNGARY_MATTHIAS_HAS_MEDIUM_INFLUENCE'),
		('P0K_TRAIT_MINOR_CIV_MILITARISTIC_PRODUCTION_FOR_BARRACKS_STABLE',	'MODIFIER_PLAYER_CITIES_ADJUST_UNIT_PRODUCTION_CHANGE',		'BUILDING_IS_BARRACKS_STABLE_MILITARITIC_CITY_STATE'),
		('P0K_TRAIT_MINOR_CIV_MILITARISTIC_LARGE_INFLUENCE_BONUS',			'MODIFIER_ALL_PLAYERS_ATTACH_MODIFIER',						'P0K_HUNGARY_MATTHIAS_HAS_LARGE_INFLUENCE'),
		('P0K_TRAIT_MINOR_CIV_MILITARISTIC_PRODUCTION_FOR_ARMORY',			'MODIFIER_PLAYER_CITIES_ADJUST_UNIT_PRODUCTION_CHANGE',		'BUILDING_IS_ARMORY'),
		('P0K_TRAIT_MINOR_CIV_TRADE_SMALL_INFLUENCE_BONUS',					'MODIFIER_ALL_PLAYERS_ATTACH_MODIFIER',						'P0K_HUNGARY_MATTHIAS_HAS_SMALL_INFLUENCE'),
		('P0K_TRAIT_MINOR_CIV_TRADE_YIELD_FOR_CAPITAL',						'MODIFIER_PLAYER_CAPITAL_CITY_ADJUST_CITY_YIELD_CHANGE',	NULL),
		('P0K_TRAIT_MINOR_CIV_TRADE_MEDIUM_INFLUENCE_BONUS_MARKET',			'MODIFIER_ALL_PLAYERS_ATTACH_MODIFIER',						'P0K_HUNGARY_MATTHIAS_HAS_MEDIUM_INFLUENCE'),
		('P0K_TRAIT_MINOR_CIV_TRADE_YIELD_FOR_MARKET',						'MODIFIER_PLAYER_CITIES_ADJUST_BUILDING_YIELD_CHANGE',		NULL),
		('P0K_TRAIT_MINOR_CIV_TRADE_MEDIUM_INFLUENCE_BONUS_LIGHTHOUSE',		'MODIFIER_ALL_PLAYERS_ATTACH_MODIFIER',						'P0K_HUNGARY_MATTHIAS_HAS_MEDIUM_INFLUENCE'),
		('P0K_TRAIT_MINOR_CIV_TRADE_YIELD_FOR_LIGHTHOUSE',					'MODIFIER_PLAYER_CITIES_ADJUST_BUILDING_YIELD_CHANGE',		NULL),
		('P0K_TRAIT_MINOR_CIV_TRADE_LARGE_INFLUENCE_BONUS_BANK',			'MODIFIER_ALL_PLAYERS_ATTACH_MODIFIER',						'P0K_HUNGARY_MATTHIAS_HAS_LARGE_INFLUENCE'),
		('P0K_TRAIT_MINOR_CIV_TRADE_YIELD_FOR_BANK',						'MODIFIER_PLAYER_CITIES_ADJUST_BUILDING_YIELD_CHANGE',		NULL),
		('P0K_TRAIT_MINOR_CIV_TRADE_LARGE_INFLUENCE_BONUS_SHIPYARD',		'MODIFIER_ALL_PLAYERS_ATTACH_MODIFIER',						'P0K_HUNGARY_MATTHIAS_HAS_LARGE_INFLUENCE'),
		('P0K_TRAIT_MINOR_CIV_TRADE_YIELD_FOR_SHIPYARD',					'MODIFIER_PLAYER_CITIES_ADJUST_BUILDING_YIELD_CHANGE',		NULL);
---------------------------------------------------------------------------------------------------------------	
-- ModifierArguments
---------------------------------------------------------------------------------------------------------------
INSERT INTO ModifierArguments		
		(ModifierId,														Name,				Value)
VALUES	('P0K_TRAIT_MINOR_CIV_SCIENTIFIC_SMALL_INFLUENCE_BONUS',			'ModifierId',		'P0K_TRAIT_MINOR_CIV_SCIENTIFIC_YIELD_FOR_CAPITAL'),
		('P0K_TRAIT_MINOR_CIV_SCIENTIFIC_YIELD_FOR_CAPITAL',				'YieldType',		'YIELD_SCIENCE'),
		('P0K_TRAIT_MINOR_CIV_SCIENTIFIC_YIELD_FOR_CAPITAL',				'Amount',			1),
		('P0K_TRAIT_MINOR_CIV_SCIENTIFIC_MEDIUM_INFLUENCE_BONUS',			'ModifierId',		'P0K_TRAIT_MINOR_CIV_SCIENTIFIC_YIELD_FOR_LIBRARY'),
		('P0K_TRAIT_MINOR_CIV_SCIENTIFIC_YIELD_FOR_LIBRARY',				'BuildingType',		'BUILDING_LIBRARY'),
		('P0K_TRAIT_MINOR_CIV_SCIENTIFIC_YIELD_FOR_LIBRARY',				'YieldType',		'YIELD_SCIENCE'),
		('P0K_TRAIT_MINOR_CIV_SCIENTIFIC_YIELD_FOR_LIBRARY',				'Amount',			1),
		('P0K_TRAIT_MINOR_CIV_SCIENTIFIC_YIELD_FOR_LIBRARY',				'CityStatesOnly',	1),
		('P0K_TRAIT_MINOR_CIV_SCIENTIFIC_LARGE_INFLUENCE_BONUS',			'ModifierId',		'P0K_TRAIT_MINOR_CIV_SCIENTIFIC_YIELD_FOR_UNIVERSITY'),
		('P0K_TRAIT_MINOR_CIV_SCIENTIFIC_YIELD_FOR_UNIVERSITY',				'BuildingType',		'BUILDING_UNIVERSITY'),
		('P0K_TRAIT_MINOR_CIV_SCIENTIFIC_YIELD_FOR_UNIVERSITY',				'YieldType',		'YIELD_SCIENCE'),
		('P0K_TRAIT_MINOR_CIV_SCIENTIFIC_YIELD_FOR_UNIVERSITY',				'Amount',			1),
		('P0K_TRAIT_MINOR_CIV_SCIENTIFIC_YIELD_FOR_UNIVERSITY',				'CityStatesOnly',	1),
		('P0K_TRAIT_MINOR_CIV_CULTURAL_SMALL_INFLUENCE_BONUS',				'ModifierId',		'P0K_TRAIT_MINOR_CIV_CULTURAL_YIELD_FOR_CAPITAL'),
		('P0K_TRAIT_MINOR_CIV_CULTURAL_YIELD_FOR_CAPITAL',					'YieldType',		'YIELD_CULTURE'),
		('P0K_TRAIT_MINOR_CIV_CULTURAL_YIELD_FOR_CAPITAL',					'Amount',			1),
		('P0K_TRAIT_MINOR_CIV_CULTURAL_MEDIUM_INFLUENCE_BONUS',				'ModifierId',		'P0K_TRAIT_MINOR_CIV_CULTURAL_YIELD_FOR_AMPHITHEATER'),
		('P0K_TRAIT_MINOR_CIV_CULTURAL_YIELD_FOR_AMPHITHEATER',				'BuildingType',		'BUILDING_AMPHITHEATER'),
		('P0K_TRAIT_MINOR_CIV_CULTURAL_YIELD_FOR_AMPHITHEATER',				'YieldType',		'YIELD_CULTURE'),
		('P0K_TRAIT_MINOR_CIV_CULTURAL_YIELD_FOR_AMPHITHEATER',				'Amount',			1),
		('P0K_TRAIT_MINOR_CIV_CULTURAL_YIELD_FOR_AMPHITHEATER',				'CityStatesOnly',	1),
		('P0K_TRAIT_MINOR_CIV_CULTURAL_LARGE_INFLUENCE_BONUS_ART',			'ModifierId',		'P0K_TRAIT_MINOR_CIV_CULTURAL_YIELD_FOR_ART'),
		('P0K_TRAIT_MINOR_CIV_CULTURAL_YIELD_FOR_ART',						'BuildingType',		'BUILDING_MUSEUM_ART'),
		('P0K_TRAIT_MINOR_CIV_CULTURAL_YIELD_FOR_ART',						'YieldType',		'YIELD_CULTURE'),
		('P0K_TRAIT_MINOR_CIV_CULTURAL_YIELD_FOR_ART',						'Amount',			1),
		('P0K_TRAIT_MINOR_CIV_CULTURAL_YIELD_FOR_ART',						'CityStatesOnly',	1),
		('P0K_TRAIT_MINOR_CIV_CULTURAL_LARGE_INFLUENCE_BONUS_ARTIFACT',		'ModifierId',		'P0K_TRAIT_MINOR_CIV_CULTURAL_YIELD_FOR_ARTIFACT'),
		('P0K_TRAIT_MINOR_CIV_CULTURAL_YIELD_FOR_ARTIFACT',					'BuildingType',		'BUILDING_MUSEUM_ARTIFACT'),
		('P0K_TRAIT_MINOR_CIV_CULTURAL_YIELD_FOR_ARTIFACT',					'YieldType',		'YIELD_CULTURE'),
		('P0K_TRAIT_MINOR_CIV_CULTURAL_YIELD_FOR_ARTIFACT',					'Amount',			1),
		('P0K_TRAIT_MINOR_CIV_CULTURAL_YIELD_FOR_ARTIFACT',					'CityStatesOnly',	1),
		('P0K_TRAIT_MINOR_CIV_RELIGIOUS_SMALL_INFLUENCE_BONUS',				'ModifierId',		'P0K_TRAIT_MINOR_CIV_RELIGIOUS_YIELD_FOR_CAPITAL'),
		('P0K_TRAIT_MINOR_CIV_RELIGIOUS_YIELD_FOR_CAPITAL',					'YieldType',		'YIELD_FAITH'),
		('P0K_TRAIT_MINOR_CIV_RELIGIOUS_YIELD_FOR_CAPITAL',					'Amount',			1),
		('P0K_TRAIT_MINOR_CIV_RELIGIOUS_MEDIUM_INFLUENCE_BONUS',			'ModifierId',		'P0K_TRAIT_MINOR_CIV_RELIGIOUS_YIELD_FOR_SHRINE'),
		('P0K_TRAIT_MINOR_CIV_RELIGIOUS_YIELD_FOR_SHRINE',					'BuildingType',		'BUILDING_SHRINE'),
		('P0K_TRAIT_MINOR_CIV_RELIGIOUS_YIELD_FOR_SHRINE',					'YieldType',		'YIELD_FAITH'),
		('P0K_TRAIT_MINOR_CIV_RELIGIOUS_YIELD_FOR_SHRINE',					'Amount',			1),
		('P0K_TRAIT_MINOR_CIV_RELIGIOUS_YIELD_FOR_SHRINE',					'CityStatesOnly',	1),
		('P0K_TRAIT_MINOR_CIV_RELIGIOUS_LARGE_INFLUENCE_BONUS',				'ModifierId',		'P0K_TRAIT_MINOR_CIV_RELIGIOUS_YIELD_FOR_TEMPLE'),
		('P0K_TRAIT_MINOR_CIV_RELIGIOUS_YIELD_FOR_TEMPLE',					'BuildingType',		'BUILDING_TEMPLE'),
		('P0K_TRAIT_MINOR_CIV_RELIGIOUS_YIELD_FOR_TEMPLE',					'YieldType',		'YIELD_FAITH'),
		('P0K_TRAIT_MINOR_CIV_RELIGIOUS_YIELD_FOR_TEMPLE',					'Amount',			1),
		('P0K_TRAIT_MINOR_CIV_RELIGIOUS_YIELD_FOR_TEMPLE',					'CityStatesOnly',	1),
		('P0K_TRAIT_MINOR_CIV_INDUSTRIAL_SMALL_INFLUENCE_BONUS_BUILDING',	'ModifierId',		'P0K_TRAIT_MINOR_CIV_INDUSTRIAL_BUILDING_PRODUCTION_FOR_CAPITAL'),
		('P0K_TRAIT_MINOR_CIV_INDUSTRIAL_BUILDING_PRODUCTION_FOR_CAPITAL',	'Amount',			1),
		('P0K_TRAIT_MINOR_CIV_INDUSTRIAL_SMALL_INFLUENCE_BONUS_DISTRICT',	'ModifierId',		'P0K_TRAIT_MINOR_CIV_INDUSTRIAL_DISTRICT_PRODUCTION_FOR_CAPITAL'),
		('P0K_TRAIT_MINOR_CIV_INDUSTRIAL_DISTRICT_PRODUCTION_FOR_CAPITAL',	'Amount',			1),
		('P0K_TRAIT_MINOR_CIV_INDUSTRIAL_MEDIUM_INFLUENCE_BONUS_BUILDING',	'ModifierId',		'P0K_TRAIT_MINOR_CIV_INDUSTRIAL_BUILDING_PRODUCTION_FOR_WORKSHOP'),
		('P0K_TRAIT_MINOR_CIV_INDUSTRIAL_BUILDING_PRODUCTION_FOR_WORKSHOP',	'Amount',			1),
		('P0K_TRAIT_MINOR_CIV_INDUSTRIAL_MEDIUM_INFLUENCE_BONUS_DISTRICT',	'ModifierId',		'P0K_TRAIT_MINOR_CIV_INDUSTRIAL_DISTRICT_PRODUCTION_FOR_WORKSHOP'),
		('P0K_TRAIT_MINOR_CIV_INDUSTRIAL_DISTRICT_PRODUCTION_FOR_WORKSHOP',	'Amount',			1),
		('P0K_TRAIT_MINOR_CIV_INDUSTRIAL_LARGE_INFLUENCE_BONUS_BUILDING',	'ModifierId',		'P0K_TRAIT_MINOR_CIV_INDUSTRIAL_BUILDING_PRODUCTION_FOR_FACTORY'),
		('P0K_TRAIT_MINOR_CIV_INDUSTRIAL_BUILDING_PRODUCTION_FOR_FACTORY',	'Amount',			1),
		('P0K_TRAIT_MINOR_CIV_INDUSTRIAL_LARGE_INFLUENCE_BONUS_DISTRICT',	'ModifierId',		'P0K_TRAIT_MINOR_CIV_INDUSTRIAL_DISTRICT_PRODUCTION_FOR_FACTORY'),
		('P0K_TRAIT_MINOR_CIV_INDUSTRIAL_DISTRICT_PRODUCTION_FOR_FACTORY',	'Amount',			1),
		('P0K_TRAIT_MINOR_CIV_MILITARISTIC_SMALL_INFLUENCE_BONUS',			'ModifierId',		'P0K_TRAIT_MINOR_CIV_MILITARISTIC_PRODUCTION_FOR_CAPITAL'),
		('P0K_TRAIT_MINOR_CIV_MILITARISTIC_PRODUCTION_FOR_CAPITAL',			'Amount',			1),
		('P0K_TRAIT_MINOR_CIV_MILITARISTIC_MEDIUM_INFLUENCE_BONUS',			'ModifierId',		'P0K_TRAIT_MINOR_CIV_MILITARISTIC_PRODUCTION_FOR_BARRACKS_STABLE'),
		('P0K_TRAIT_MINOR_CIV_MILITARISTIC_PRODUCTION_FOR_BARRACKS_STABLE',	'Amount',			1),
		('P0K_TRAIT_MINOR_CIV_MILITARISTIC_LARGE_INFLUENCE_BONUS',			'ModifierId',		'P0K_TRAIT_MINOR_CIV_MILITARISTIC_PRODUCTION_FOR_ARMORY'),
		('P0K_TRAIT_MINOR_CIV_MILITARISTIC_PRODUCTION_FOR_ARMORY',			'Amount',			1),
		('P0K_TRAIT_MINOR_CIV_TRADE_SMALL_INFLUENCE_BONUS',					'ModifierId',		'P0K_TRAIT_MINOR_CIV_TRADE_YIELD_FOR_CAPITAL'),
		('P0K_TRAIT_MINOR_CIV_TRADE_YIELD_FOR_CAPITAL',						'YieldType',		'YIELD_GOLD'),
		('P0K_TRAIT_MINOR_CIV_TRADE_YIELD_FOR_CAPITAL',						'Amount',			2),
		('P0K_TRAIT_MINOR_CIV_TRADE_MEDIUM_INFLUENCE_BONUS_MARKET',			'ModifierId',		'P0K_TRAIT_MINOR_CIV_TRADE_YIELD_FOR_MARKET'),
		('P0K_TRAIT_MINOR_CIV_TRADE_YIELD_FOR_MARKET',						'BuildingType',		'BUILDING_MARKET'),
		('P0K_TRAIT_MINOR_CIV_TRADE_YIELD_FOR_MARKET',						'YieldType',		'YIELD_GOLD'),
		('P0K_TRAIT_MINOR_CIV_TRADE_YIELD_FOR_MARKET',						'Amount',			1),
		('P0K_TRAIT_MINOR_CIV_TRADE_MEDIUM_INFLUENCE_BONUS_LIGHTHOUSE',		'ModifierId',		'P0K_TRAIT_MINOR_CIV_TRADE_YIELD_FOR_LIGHTHOUSE'),
		('P0K_TRAIT_MINOR_CIV_TRADE_YIELD_FOR_LIGHTHOUSE',					'BuildingType',		'BUILDING_LIGHTHOUSE'),
		('P0K_TRAIT_MINOR_CIV_TRADE_YIELD_FOR_LIGHTHOUSE',					'YieldType',		'YIELD_GOLD'),
		('P0K_TRAIT_MINOR_CIV_TRADE_YIELD_FOR_LIGHTHOUSE',					'Amount',			1),
		('P0K_TRAIT_MINOR_CIV_TRADE_LARGE_INFLUENCE_BONUS_BANK',			'ModifierId',		'P0K_TRAIT_MINOR_CIV_TRADE_YIELD_FOR_BANK'),
		('P0K_TRAIT_MINOR_CIV_TRADE_YIELD_FOR_BANK',						'BuildingType',		'BUILDING_BANK'),
		('P0K_TRAIT_MINOR_CIV_TRADE_YIELD_FOR_BANK',						'YieldType',		'YIELD_GOLD'),
		('P0K_TRAIT_MINOR_CIV_TRADE_YIELD_FOR_BANK',						'Amount',			1),
		('P0K_TRAIT_MINOR_CIV_TRADE_LARGE_INFLUENCE_BONUS_SHIPYARD',		'ModifierId',		'P0K_TRAIT_MINOR_CIV_TRADE_YIELD_FOR_SHIPYARD'),
		('P0K_TRAIT_MINOR_CIV_TRADE_YIELD_FOR_SHIPYARD',					'BuildingType',		'BUILDING_SHIPYARD'),
		('P0K_TRAIT_MINOR_CIV_TRADE_YIELD_FOR_SHIPYARD',					'YieldType',		'YIELD_GOLD'),
		('P0K_TRAIT_MINOR_CIV_TRADE_YIELD_FOR_SHIPYARD',					'Amount',			1);
---------------------------------------------------------------------------------------------------------------
-- TraitModifiers
---------------------------------------------------------------------------------------------------------------
INSERT INTO TraitModifiers
		(TraitType,							ModifierId)
VALUES	('MINOR_CIV_SCIENTIFIC_TRAIT',		'P0K_TRAIT_MINOR_CIV_SCIENTIFIC_SMALL_INFLUENCE_BONUS'),
		('MINOR_CIV_SCIENTIFIC_TRAIT',		'P0K_TRAIT_MINOR_CIV_SCIENTIFIC_MEDIUM_INFLUENCE_BONUS'),
		('MINOR_CIV_SCIENTIFIC_TRAIT',		'P0K_TRAIT_MINOR_CIV_SCIENTIFIC_LARGE_INFLUENCE_BONUS'),
		('MINOR_CIV_CULTURAL_TRAIT',		'P0K_TRAIT_MINOR_CIV_CULTURAL_SMALL_INFLUENCE_BONUS'),
		('MINOR_CIV_CULTURAL_TRAIT',		'P0K_TRAIT_MINOR_CIV_CULTURAL_MEDIUM_INFLUENCE_BONUS'),
		('MINOR_CIV_CULTURAL_TRAIT',		'P0K_TRAIT_MINOR_CIV_CULTURAL_LARGE_INFLUENCE_BONUS_ART'),
		('MINOR_CIV_CULTURAL_TRAIT',		'P0K_TRAIT_MINOR_CIV_CULTURAL_LARGE_INFLUENCE_BONUS_ARTIFACT'),
		('MINOR_CIV_RELIGIOUS_TRAIT',		'P0K_TRAIT_MINOR_CIV_RELIGIOUS_SMALL_INFLUENCE_BONUS'),
		('MINOR_CIV_RELIGIOUS_TRAIT',		'P0K_TRAIT_MINOR_CIV_RELIGIOUS_MEDIUM_INFLUENCE_BONUS'),
		('MINOR_CIV_RELIGIOUS_TRAIT',		'P0K_TRAIT_MINOR_CIV_RELIGIOUS_LARGE_INFLUENCE_BONUS'),
		('MINOR_CIV_INDUSTRIAL_TRAIT',		'P0K_TRAIT_MINOR_CIV_INDUSTRIAL_SMALL_INFLUENCE_BONUS_BUILDING'),
		('MINOR_CIV_INDUSTRIAL_TRAIT',		'P0K_TRAIT_MINOR_CIV_INDUSTRIAL_SMALL_INFLUENCE_BONUS_DISTRICT'),
		('MINOR_CIV_INDUSTRIAL_TRAIT',		'P0K_TRAIT_MINOR_CIV_INDUSTRIAL_MEDIUM_INFLUENCE_BONUS_BUILDING'),
		('MINOR_CIV_INDUSTRIAL_TRAIT',		'P0K_TRAIT_MINOR_CIV_INDUSTRIAL_MEDIUM_INFLUENCE_BONUS_DISTRICT'),
		('MINOR_CIV_INDUSTRIAL_TRAIT',		'P0K_TRAIT_MINOR_CIV_INDUSTRIAL_LARGE_INFLUENCE_BONUS_BUILDING'),
		('MINOR_CIV_INDUSTRIAL_TRAIT',		'P0K_TRAIT_MINOR_CIV_INDUSTRIAL_LARGE_INFLUENCE_BONUS_DISTRICT'),
		('MINOR_CIV_MILITARISTIC_TRAIT',	'P0K_TRAIT_MINOR_CIV_MILITARISTIC_SMALL_INFLUENCE_BONUS'),
		('MINOR_CIV_MILITARISTIC_TRAIT',	'P0K_TRAIT_MINOR_CIV_MILITARISTIC_MEDIUM_INFLUENCE_BONUS'),
		('MINOR_CIV_MILITARISTIC_TRAIT',	'P0K_TRAIT_MINOR_CIV_MILITARISTIC_LARGE_INFLUENCE_BONUS'),
		('MINOR_CIV_TRADE_TRAIT',			'P0K_TRAIT_MINOR_CIV_TRADE_SMALL_INFLUENCE_BONUS'),
		('MINOR_CIV_TRADE_TRAIT',			'P0K_TRAIT_MINOR_CIV_TRADE_MEDIUM_INFLUENCE_BONUS_MARKET'),
		('MINOR_CIV_TRADE_TRAIT',			'P0K_TRAIT_MINOR_CIV_TRADE_MEDIUM_INFLUENCE_BONUS_LIGHTHOUSE'),
		('MINOR_CIV_TRADE_TRAIT',			'P0K_TRAIT_MINOR_CIV_TRADE_LARGE_INFLUENCE_BONUS_BANK'),
		('MINOR_CIV_TRADE_TRAIT',			'P0K_TRAIT_MINOR_CIV_TRADE_LARGE_INFLUENCE_BONUS_SHIPYARD');