/* 
	Civilizations Expanded: Inca
	Author: p0kiehl
*/
--=============================================================================================================
-- CIVILIZATION UNIQUE ABILITY: MIT'A (ENHANCEMENT)
--=============================================================================================================
-- +2 Gold and +1 Production from resources adjacent to a Mountain.
-- Cities gain a free Builder upon acquiring their first Mountain tile.
-- Cities with a Governor gain +3 Housing and generate +0.3 Production per Citizen.
--=============================================================================================================
-- Requirements
---------------------------------------------------------------------------------------------------------------
INSERT INTO Requirements
		(RequirementId,											RequirementType)
VALUES	('P0K_INCA_REQUIRES_PLOT_ADJACENT_TO_DESERT_MOUNTAIN',	'REQUIREMENT_PLOT_ADJACENT_TERRAIN_TYPE_MATCHES'),
		('P0K_INCA_REQUIRES_PLOT_ADJACENT_TO_GRASS_MOUNTAIN',	'REQUIREMENT_PLOT_ADJACENT_TERRAIN_TYPE_MATCHES'),
		('P0K_INCA_REQUIRES_PLOT_ADJACENT_TO_PLAINS_MOUNTAIN',	'REQUIREMENT_PLOT_ADJACENT_TERRAIN_TYPE_MATCHES'),
		('P0K_INCA_REQUIRES_PLOT_ADJACENT_TO_SNOW_MOUNTAIN',	'REQUIREMENT_PLOT_ADJACENT_TERRAIN_TYPE_MATCHES'),
		('P0K_INCA_REQUIRES_PLOT_ADJACENT_TO_TUNDRA_MOUNTAIN',	'REQUIREMENT_PLOT_ADJACENT_TERRAIN_TYPE_MATCHES'),
		('P0K_INCA_REQUIRES_ADJACENT_TO_MOUNTAIN_REQUIREMENTS',	'REQUIREMENT_REQUIREMENTSET_IS_MET'),
		('P0K_INCA_REQUIRES_CITY_HAS_1_MOUNTAIN',				'REQUIREMENT_COLLECTION_COUNT_ATLEAST'),
		('P0K_INCA_REQUIRES_PLOT_IS_DESERT_MOUNTAIN',			'REQUIREMENT_PLOT_TERRAIN_TYPE_MATCHES'),
		('P0K_INCA_REQUIRES_PLOT_IS_PLAINS_MOUNTAIN',			'REQUIREMENT_PLOT_TERRAIN_TYPE_MATCHES'),
		('P0K_INCA_REQUIRES_PLOT_IS_SNOW_MOUNTAIN',				'REQUIREMENT_PLOT_TERRAIN_TYPE_MATCHES'),
		('P0K_INCA_REQUIRES_PLOT_IS_TUNDRA_MOUNTAIN',			'REQUIREMENT_PLOT_TERRAIN_TYPE_MATCHES'),
		('P0K_INCA_REQUIRES_PLOT_IS_GRASS_MOUNTAIN',			'REQUIREMENT_PLOT_TERRAIN_TYPE_MATCHES');

INSERT INTO Requirements
		(RequirementId,									RequirementType)
SELECT	'P0K_INCA_REQUIRES_PLOT_HAS_' ||ResourceType,	'REQUIREMENT_PLOT_RESOURCE_TYPE_MATCHES'
FROM Resources WHERE (Frequency <> 0 OR SeaFrequency <> 0);
---------------------------------------------------------------------------------------------------------------
-- RequirementArguments
---------------------------------------------------------------------------------------------------------------
INSERT INTO RequirementArguments
		(RequirementId,											Name,				Value)
VALUES	('P0K_INCA_REQUIRES_PLOT_ADJACENT_TO_DESERT_MOUNTAIN',	'TerrainType',		'TERRAIN_DESERT_MOUNTAIN'),
		('P0K_INCA_REQUIRES_PLOT_ADJACENT_TO_GRASS_MOUNTAIN',	'TerrainType',		'TERRAIN_GRASS_MOUNTAIN'),
		('P0K_INCA_REQUIRES_PLOT_ADJACENT_TO_PLAINS_MOUNTAIN',	'TerrainType',		'TERRAIN_PLAINS_MOUNTAIN'),
		('P0K_INCA_REQUIRES_PLOT_ADJACENT_TO_SNOW_MOUNTAIN',	'TerrainType',		'TERRAIN_SNOW_MOUNTAIN'),
		('P0K_INCA_REQUIRES_PLOT_ADJACENT_TO_TUNDRA_MOUNTAIN',	'TerrainType',		'TERRAIN_TUNDRA_MOUNTAIN'),
		('P0K_INCA_REQUIRES_ADJACENT_TO_MOUNTAIN_REQUIREMENTS',	'RequirementSetId',	'P0K_INCA_PLOT_ADJACENT_TO_MOUNTAIN'),
		('P0K_INCA_REQUIRES_CITY_HAS_1_MOUNTAIN',				'CollectionType',	'COLLECTION_CITY_PLOT_YIELDS'),
		('P0K_INCA_REQUIRES_CITY_HAS_1_MOUNTAIN',				'Count',			1),
		('P0K_INCA_REQUIRES_CITY_HAS_1_MOUNTAIN',				'RequirementSetId',	'P0K_INCA_PLOT_IS_MOUNTAIN'),
		('P0K_INCA_REQUIRES_PLOT_IS_DESERT_MOUNTAIN',			'TerrainType',		'TERRAIN_DESERT_MOUNTAIN'),
		('P0K_INCA_REQUIRES_PLOT_IS_PLAINS_MOUNTAIN',			'TerrainType',		'TERRAIN_PLAINS_MOUNTAIN'),
		('P0K_INCA_REQUIRES_PLOT_IS_SNOW_MOUNTAIN',				'TerrainType',		'TERRAIN_SNOW_MOUNTAIN'),
		('P0K_INCA_REQUIRES_PLOT_IS_TUNDRA_MOUNTAIN',			'TerrainType',		'TERRAIN_TUNDRA_MOUNTAIN'),
		('P0K_INCA_REQUIRES_PLOT_IS_GRASS_MOUNTAIN',			'TerrainType',		'TERRAIN_GRASS_MOUNTAIN');
---------------------------------------------------------------------------------------------------------------
-- RequirementSets
---------------------------------------------------------------------------------------------------------------
INSERT INTO RequirementSets
		(RequirementSetId,							RequirementSetType)
VALUES	('P0K_INCA_PLOT_ADJACENT_TO_MOUNTAIN',		'REQUIREMENTSET_TEST_ANY'),
		('P0K_INCA_RESOURCE_ADJACENT_TO_MOUNTAIN',	'REQUIREMENTSET_TEST_ALL'),
		('P0K_INCA_CITY_HAS_AT_LEAST_1_MOUNTAIN',	'REQUIREMENTSET_TEST_ALL'),
		('P0K_INCA_PLOT_IS_MOUNTAIN',				'REQUIREMENTSET_TEST_ANY');
---------------------------------------------------------------------------------------------------------------
-- RequirementSetRequirements
---------------------------------------------------------------------------------------------------------------
INSERT INTO RequirementSetRequirements
		(RequirementSetId,							RequirementId)
VALUES	('P0K_INCA_PLOT_ADJACENT_TO_MOUNTAIN',		'P0K_INCA_REQUIRES_PLOT_ADJACENT_TO_DESERT_MOUNTAIN'),
		('P0K_INCA_PLOT_ADJACENT_TO_MOUNTAIN',		'P0K_INCA_REQUIRES_PLOT_ADJACENT_TO_GRASS_MOUNTAIN'),
		('P0K_INCA_PLOT_ADJACENT_TO_MOUNTAIN',		'P0K_INCA_REQUIRES_PLOT_ADJACENT_TO_PLAINS_MOUNTAIN'),
		('P0K_INCA_PLOT_ADJACENT_TO_MOUNTAIN',		'P0K_INCA_REQUIRES_PLOT_ADJACENT_TO_SNOW_MOUNTAIN'),
		('P0K_INCA_PLOT_ADJACENT_TO_MOUNTAIN',		'P0K_INCA_REQUIRES_PLOT_ADJACENT_TO_TUNDRA_MOUNTAIN'),
		('P0K_INCA_RESOURCE_ADJACENT_TO_MOUNTAIN',	'P0K_INCA_REQUIRES_ADJACENT_TO_MOUNTAIN_REQUIREMENTS'),
		('P0K_INCA_RESOURCE_ADJACENT_TO_MOUNTAIN',	'REQUIRES_PLOT_HAS_VISIBLE_RESOURCE'),
		('P0K_INCA_CITY_HAS_AT_LEAST_1_MOUNTAIN',	'P0K_INCA_REQUIRES_CITY_HAS_1_MOUNTAIN'),
		('P0K_INCA_PLOT_IS_MOUNTAIN',				'P0K_INCA_REQUIRES_PLOT_IS_DESERT_MOUNTAIN'),
		('P0K_INCA_PLOT_IS_MOUNTAIN',				'P0K_INCA_REQUIRES_PLOT_IS_PLAINS_MOUNTAIN'),
		('P0K_INCA_PLOT_IS_MOUNTAIN',				'P0K_INCA_REQUIRES_PLOT_IS_SNOW_MOUNTAIN'),
		('P0K_INCA_PLOT_IS_MOUNTAIN',				'P0K_INCA_REQUIRES_PLOT_IS_TUNDRA_MOUNTAIN'),
		('P0K_INCA_PLOT_IS_MOUNTAIN',				'P0K_INCA_REQUIRES_PLOT_IS_GRASS_MOUNTAIN');
---------------------------------------------------------------------------------------------------------------
-- Modifiers
---------------------------------------------------------------------------------------------------------------
INSERT INTO Modifiers
		(ModifierId,									ModifierType,												RunOnce,	Permanent,	SubjectRequirementSetId)
VALUES	('P0K_TRAIT_MOUNTAIN_FREE_BUILDER',				'MODIFIER_PLAYER_CITIES_ATTACH_MODIFIER',					0,			1,			'P0K_INCA_CITY_HAS_AT_LEAST_1_MOUNTAIN'),
		('P0K_TRAIT_MOUNTAIN_FREE_BUILDER_MODIFIER',	'MODIFIER_SINGLE_CITY_GRANT_UNIT_IN_CITY',					1,			1,			NULL),
		('P0K_TRAIT_RESOURCE_MOUNTAIN_GOLD',			'MODIFIER_PLAYER_ADJUST_PLOT_YIELD',						0,			0,			'P0K_INCA_RESOURCE_ADJACENT_TO_MOUNTAIN'),
		('P0K_TRAIT_RESOURCE_MOUNTAIN_PRODUCTION',		'MODIFIER_PLAYER_ADJUST_PLOT_YIELD',						0,			0,			'P0K_INCA_RESOURCE_ADJACENT_TO_MOUNTAIN'),
		('P0K_TRAIT_GOVERNOR_HOUSING_BONUS',			'MODIFIER_PLAYER_CITIES_ADJUST_POLICY_HOUSING',				0,			0,			'CITY_HAS_GOVERNOR'),
		('P0K_TRAIT_GOVERNOR_PRODUCTION_PER_CITIZEN',	'MODIFIER_PLAYER_CITIES_ADJUST_CITY_YIELD_PER_POPULATION',	0,			0,			'CITY_HAS_GOVERNOR');
---------------------------------------------------------------------------------------------------------------
-- ModifierArguments
---------------------------------------------------------------------------------------------------------------
INSERT INTO ModifierArguments
		(ModifierId,									Name,			Value)
VALUES	('P0K_TRAIT_MOUNTAIN_FREE_BUILDER',				'ModifierId',	'P0K_TRAIT_MOUNTAIN_FREE_BUILDER_MODIFIER'),
		('P0K_TRAIT_MOUNTAIN_FREE_BUILDER_MODIFIER',	'UnitType',		'UNIT_BUILDER'),
		('P0K_TRAIT_MOUNTAIN_FREE_BUILDER_MODIFIER',	'Amount',		1),
		('P0K_TRAIT_RESOURCE_MOUNTAIN_GOLD',			'YieldType',	'YIELD_GOLD'),
		('P0K_TRAIT_RESOURCE_MOUNTAIN_GOLD',			'Amount',		2),
		('P0K_TRAIT_RESOURCE_MOUNTAIN_PRODUCTION',		'YieldType',	'YIELD_PRODUCTION'),
		('P0K_TRAIT_RESOURCE_MOUNTAIN_PRODUCTION',		'Amount',		1),
		('P0K_TRAIT_GOVERNOR_HOUSING_BONUS',			'Amount',		3),
		('P0K_TRAIT_GOVERNOR_PRODUCTION_PER_CITIZEN',	'YieldType',	'YIELD_PRODUCTION'),
		('P0K_TRAIT_GOVERNOR_PRODUCTION_PER_CITIZEN',	'Amount',		0.2);
---------------------------------------------------------------------------------------------------------------
-- TraitModifiers
---------------------------------------------------------------------------------------------------------------
DELETE FROM TraitModifiers 
WHERE		TraitType = 'TRAIT_CIVILIZATION_GREAT_MOUNTAINS' 
AND			(ModifierId LIKE 'TRAIT_WORK_%' OR ModifierId = 'TRAIT_PRODUCTION_MOUNTAIN_LATE');

INSERT INTO TraitModifiers
		(TraitType,								ModifierId)
VALUES	('TRAIT_CIVILIZATION_GREAT_MOUNTAINS',	'P0K_TRAIT_MOUNTAIN_FREE_BUILDER'),
		('TRAIT_CIVILIZATION_GREAT_MOUNTAINS',	'P0K_TRAIT_RESOURCE_MOUNTAIN_GOLD'),
		('TRAIT_CIVILIZATION_GREAT_MOUNTAINS',	'P0K_TRAIT_RESOURCE_MOUNTAIN_PRODUCTION'),
		('TRAIT_CIVILIZATION_GREAT_MOUNTAINS',	'P0K_TRAIT_GOVERNOR_HOUSING_BONUS'),
		('TRAIT_CIVILIZATION_GREAT_MOUNTAINS',	'P0K_TRAIT_GOVERNOR_PRODUCTION_PER_CITIZEN');
--=============================================================================================================
-- LEADER UNIQUE ABILITY: EARTH-SHAKER (ENHANCEMENT) 
--=============================================================================================================
-- Add +1 Production to the Trade Route bonus.
-- Specialty districts receive a minor adjacency bonus from Hills.
-- All units ignore the Movement costs of Hills.
-- Traders provide +1 Great Engineer point per turn while traveling next to a Mountain.
--=============================================================================================================
-- Types
---------------------------------------------------------------------------------------------------------------
INSERT INTO Types
		(Type,								Kind)
VALUES	('P0K_INCA_ABILITY_EARTHSHAKER',	'KIND_ABILITY');
---------------------------------------------------------------------------------------------------------------
-- TypeTags
---------------------------------------------------------------------------------------------------------------
INSERT INTO TypeTags
		(Type,								Tag)
VALUES	('P0K_INCA_ABILITY_EARTHSHAKER',	'CLASS_ALL_UNITS');
---------------------------------------------------------------------------------------------------------------
-- UnitAbilities
---------------------------------------------------------------------------------------------------------------
INSERT INTO UnitAbilities
		(UnitAbilityType,					Name,										Description,									Inactive)
VALUES	('P0K_INCA_ABILITY_EARTHSHAKER',	'LOC_P0K_INCA_ABILITY_EARTHSHAKER_NAME',	'LOC_P0K_INCA_ABILITY_EARTHSHAKER_DESCRIPTION',	1);
---------------------------------------------------------------------------------------------------------------
-- Modifiers
---------------------------------------------------------------------------------------------------------------
INSERT INTO Modifiers
		(ModifierId,													ModifierType,														SubjectRequirementSetId)
VALUES	('P0K_TRAIT_DOMESTIC_TRADE_ROUTE_PRODUCTION_DESERT_MOUNTAIN',	'MODIFIER_PLAYER_ADJUST_TRADE_ROUTE_YIELD_PER_TERRAIN_DOMESTIC',	NULL),
		('P0K_TRAIT_DOMESTIC_TRADE_ROUTE_PRODUCTION_GRASS_MOUNTAIN',	'MODIFIER_PLAYER_ADJUST_TRADE_ROUTE_YIELD_PER_TERRAIN_DOMESTIC',	NULL),
		('P0K_TRAIT_DOMESTIC_TRADE_ROUTE_PRODUCTION_PLAINS_MOUNTAIN',	'MODIFIER_PLAYER_ADJUST_TRADE_ROUTE_YIELD_PER_TERRAIN_DOMESTIC',	NULL),
		('P0K_TRAIT_DOMESTIC_TRADE_ROUTE_PRODUCTION_SNOW_MOUNTAIN',		'MODIFIER_PLAYER_ADJUST_TRADE_ROUTE_YIELD_PER_TERRAIN_DOMESTIC',	NULL),
		('P0K_TRAIT_DOMESTIC_TRADE_ROUTE_PRODUCTION_TUNDRA_MOUNTAIN',	'MODIFIER_PLAYER_ADJUST_TRADE_ROUTE_YIELD_PER_TERRAIN_DOMESTIC',	NULL),
		('P0K_TRAIT_CAMPUS_GRASS_HILLS_SCIENCE',						'MODIFIER_PLAYER_CITIES_TERRAIN_ADJACENCY',							NULL),
		('P0K_TRAIT_CAMPUS_PLAINS_HILLS_SCIENCE',						'MODIFIER_PLAYER_CITIES_TERRAIN_ADJACENCY',							NULL),
		('P0K_TRAIT_CAMPUS_DESERT_HILLS_SCIENCE',						'MODIFIER_PLAYER_CITIES_TERRAIN_ADJACENCY',							NULL),
		('P0K_TRAIT_CAMPUS_TUNDRA_HILLS_SCIENCE',						'MODIFIER_PLAYER_CITIES_TERRAIN_ADJACENCY',							NULL),
		('P0K_TRAIT_CAMPUS_SNOW_HILLS_SCIENCE',							'MODIFIER_PLAYER_CITIES_TERRAIN_ADJACENCY',							NULL),
		('P0K_TRAIT_THEATER_GRASS_HILLS_CULTURE',						'MODIFIER_PLAYER_CITIES_TERRAIN_ADJACENCY',							NULL),
		('P0K_TRAIT_THEATER_PLAINS_HILLS_CULTURE',						'MODIFIER_PLAYER_CITIES_TERRAIN_ADJACENCY',							NULL),
		('P0K_TRAIT_THEATER_DESERT_HILLS_CULTURE',						'MODIFIER_PLAYER_CITIES_TERRAIN_ADJACENCY',							NULL),
		('P0K_TRAIT_THEATER_TUNDRA_HILLS_CULTURE',						'MODIFIER_PLAYER_CITIES_TERRAIN_ADJACENCY',							NULL),
		('P0K_TRAIT_THEATER_SNOW_HILLS_CULTURE',						'MODIFIER_PLAYER_CITIES_TERRAIN_ADJACENCY',							NULL),
		('P0K_TRAIT_HOLY_SITE_GRASS_HILLS_FAITH',						'MODIFIER_PLAYER_CITIES_TERRAIN_ADJACENCY',							NULL),
		('P0K_TRAIT_HOLY_SITE_PLAINS_HILLS_FAITH',						'MODIFIER_PLAYER_CITIES_TERRAIN_ADJACENCY',							NULL),
		('P0K_TRAIT_HOLY_SITE_DESERT_HILLS_FAITH',						'MODIFIER_PLAYER_CITIES_TERRAIN_ADJACENCY',							NULL),
		('P0K_TRAIT_HOLY_SITE_TUNDRA_HILLS_FAITH',						'MODIFIER_PLAYER_CITIES_TERRAIN_ADJACENCY',							NULL),
		('P0K_TRAIT_HOLY_SITE_SNOW_HILLS_FAITH',						'MODIFIER_PLAYER_CITIES_TERRAIN_ADJACENCY',							NULL),
		('P0K_TRAIT_INDUSTRIAL_ZONE_GRASS_HILLS_PRODUCTION',			'MODIFIER_PLAYER_CITIES_TERRAIN_ADJACENCY',							NULL),
		('P0K_TRAIT_INDUSTRIAL_ZONE_PLAINS_HILLS_PRODUCTION',			'MODIFIER_PLAYER_CITIES_TERRAIN_ADJACENCY',							NULL),
		('P0K_TRAIT_INDUSTRIAL_ZONE_DESERT_HILLS_PRODUCTION',			'MODIFIER_PLAYER_CITIES_TERRAIN_ADJACENCY',							NULL),
		('P0K_TRAIT_INDUSTRIAL_ZONE_TUNDRA_HILLS_PRODUCTION',			'MODIFIER_PLAYER_CITIES_TERRAIN_ADJACENCY',							NULL),
		('P0K_TRAIT_INDUSTRIAL_ZONE_SNOW_HILLS_PRODUCTION',				'MODIFIER_PLAYER_CITIES_TERRAIN_ADJACENCY',							NULL),
		('P0K_TRAIT_HARBOR_GRASS_HILLS_GOLD',							'MODIFIER_PLAYER_CITIES_TERRAIN_ADJACENCY',							NULL),
		('P0K_TRAIT_HARBOR_PLAINS_HILLS_GOLD',							'MODIFIER_PLAYER_CITIES_TERRAIN_ADJACENCY',							NULL),
		('P0K_TRAIT_HARBOR_DESERT_HILLS_GOLD',							'MODIFIER_PLAYER_CITIES_TERRAIN_ADJACENCY',							NULL),
		('P0K_TRAIT_HARBOR_TUNDRA_HILLS_GOLD',							'MODIFIER_PLAYER_CITIES_TERRAIN_ADJACENCY',							NULL),
		('P0K_TRAIT_HARBOR_SNOW_HILLS_GOLD',							'MODIFIER_PLAYER_CITIES_TERRAIN_ADJACENCY',							NULL),
		('P0K_TRAIT_COMMERCIAL_HUB_GRASS_HILLS_GOLD',					'MODIFIER_PLAYER_CITIES_TERRAIN_ADJACENCY',							NULL),
		('P0K_TRAIT_COMMERCIAL_HUB_PLAINS_HILLS_GOLD',					'MODIFIER_PLAYER_CITIES_TERRAIN_ADJACENCY',							NULL),
		('P0K_TRAIT_COMMERCIAL_HUB_DESERT_HILLS_GOLD',					'MODIFIER_PLAYER_CITIES_TERRAIN_ADJACENCY',							NULL),
		('P0K_TRAIT_COMMERCIAL_HUB_TUNDRA_HILLS_GOLD',					'MODIFIER_PLAYER_CITIES_TERRAIN_ADJACENCY',							NULL),
		('P0K_TRAIT_COMMERCIAL_HUB_SNOW_HILLS_GOLD',					'MODIFIER_PLAYER_CITIES_TERRAIN_ADJACENCY',							NULL),
		('P0K_TRAIT_TRADER_ENGINEER_POINT',								'MODIFIER_PLAYER_UNITS_ATTACH_MODIFIER',							'UNIT_IS_TRADER'),
		('P0K_TRAIT_TRADER_ENGINEER_POINT_MODIFIER',					'MODIFIER_PLAYER_ADJUST_GREAT_PERSON_POINTS',						'P0K_INCA_PLOT_ADJACENT_TO_MOUNTAIN'),
		('P0K_EARTHSHAKER_HILLS_MOVEMENT',								'MODIFIER_PLAYER_UNIT_ADJUST_IGNORE_TERRAIN_COST',					NULL),
		('P0K_TRAIT_HILLS_BONUS_MOVEMENT_ABILITY',						'MODIFIER_PLAYER_UNITS_GRANT_ABILITY',								NULL);
---------------------------------------------------------------------------------------------------------------
-- ModifierArguments
---------------------------------------------------------------------------------------------------------------
INSERT INTO ModifierArguments
		(ModifierId,											Name,	Value)
VALUES	('P0K_TRAIT_DOMESTIC_TRADE_ROUTE_PRODUCTION_DESERT_MOUNTAIN',	'Origin',				1),
		('P0K_TRAIT_DOMESTIC_TRADE_ROUTE_PRODUCTION_DESERT_MOUNTAIN',	'TerrainType',			'TERRAIN_DESERT_MOUNTAIN'),
		('P0K_TRAIT_DOMESTIC_TRADE_ROUTE_PRODUCTION_DESERT_MOUNTAIN',	'YieldType',			'YIELD_PRODUCTION'),
		('P0K_TRAIT_DOMESTIC_TRADE_ROUTE_PRODUCTION_DESERT_MOUNTAIN',	'Amount',				1),
		('P0K_TRAIT_DOMESTIC_TRADE_ROUTE_PRODUCTION_GRASS_MOUNTAIN',	'Origin',				1),
		('P0K_TRAIT_DOMESTIC_TRADE_ROUTE_PRODUCTION_GRASS_MOUNTAIN',	'TerrainType',			'TERRAIN_GRASS_MOUNTAIN'),
		('P0K_TRAIT_DOMESTIC_TRADE_ROUTE_PRODUCTION_GRASS_MOUNTAIN',	'YieldType',			'YIELD_PRODUCTION'),
		('P0K_TRAIT_DOMESTIC_TRADE_ROUTE_PRODUCTION_GRASS_MOUNTAIN',	'Amount',				1),
		('P0K_TRAIT_DOMESTIC_TRADE_ROUTE_PRODUCTION_PLAINS_MOUNTAIN',	'Origin',				1),
		('P0K_TRAIT_DOMESTIC_TRADE_ROUTE_PRODUCTION_PLAINS_MOUNTAIN',	'TerrainType',			'TERRAIN_PLAINS_MOUNTAIN'),
		('P0K_TRAIT_DOMESTIC_TRADE_ROUTE_PRODUCTION_PLAINS_MOUNTAIN',	'YieldType',			'YIELD_PRODUCTION'),
		('P0K_TRAIT_DOMESTIC_TRADE_ROUTE_PRODUCTION_PLAINS_MOUNTAIN',	'Amount',				1),
		('P0K_TRAIT_DOMESTIC_TRADE_ROUTE_PRODUCTION_SNOW_MOUNTAIN',		'Origin',				1),
		('P0K_TRAIT_DOMESTIC_TRADE_ROUTE_PRODUCTION_SNOW_MOUNTAIN',		'TerrainType',			'TERRAIN_SNOW_MOUNTAIN'),
		('P0K_TRAIT_DOMESTIC_TRADE_ROUTE_PRODUCTION_SNOW_MOUNTAIN',		'YieldType',			'YIELD_PRODUCTION'),
		('P0K_TRAIT_DOMESTIC_TRADE_ROUTE_PRODUCTION_SNOW_MOUNTAIN',		'Amount',				1),
		('P0K_TRAIT_DOMESTIC_TRADE_ROUTE_PRODUCTION_TUNDRA_MOUNTAIN',	'Origin',				1),
		('P0K_TRAIT_DOMESTIC_TRADE_ROUTE_PRODUCTION_TUNDRA_MOUNTAIN',	'TerrainType',			'TERRAIN_TUNDRA_MOUNTAIN'),
		('P0K_TRAIT_DOMESTIC_TRADE_ROUTE_PRODUCTION_TUNDRA_MOUNTAIN',	'YieldType',			'YIELD_PRODUCTION'),
		('P0K_TRAIT_DOMESTIC_TRADE_ROUTE_PRODUCTION_TUNDRA_MOUNTAIN',	'Amount',				1),	
		('P0K_TRAIT_CAMPUS_GRASS_HILLS_SCIENCE',						'DistrictType',			'DISTRICT_CAMPUS'),
		('P0K_TRAIT_CAMPUS_GRASS_HILLS_SCIENCE',						'TerrainType',			'TERRAIN_GRASS_HILLS'),
		('P0K_TRAIT_CAMPUS_GRASS_HILLS_SCIENCE',						'YieldType',			'YIELD_SCIENCE'),
		('P0K_TRAIT_CAMPUS_GRASS_HILLS_SCIENCE',						'Amount',				1),
		('P0K_TRAIT_CAMPUS_GRASS_HILLS_SCIENCE',						'TilesRequired',		2),
		('P0K_TRAIT_CAMPUS_GRASS_HILLS_SCIENCE',						'Description',			'LOC_P0K_INCA_HILLS_SCIENCE'),
		('P0K_TRAIT_CAMPUS_PLAINS_HILLS_SCIENCE',						'DistrictType',			'DISTRICT_CAMPUS'),
		('P0K_TRAIT_CAMPUS_PLAINS_HILLS_SCIENCE',						'TerrainType',			'TERRAIN_PLAINS_HILLS'),
		('P0K_TRAIT_CAMPUS_PLAINS_HILLS_SCIENCE',						'YieldType',			'YIELD_SCIENCE'),
		('P0K_TRAIT_CAMPUS_PLAINS_HILLS_SCIENCE',						'Amount',				1),
		('P0K_TRAIT_CAMPUS_PLAINS_HILLS_SCIENCE',						'TilesRequired',		2),
		('P0K_TRAIT_CAMPUS_PLAINS_HILLS_SCIENCE',						'Description',			'LOC_P0K_INCA_HILLS_SCIENCE'),
		('P0K_TRAIT_CAMPUS_DESERT_HILLS_SCIENCE',						'DistrictType',			'DISTRICT_CAMPUS'),
		('P0K_TRAIT_CAMPUS_DESERT_HILLS_SCIENCE',						'TerrainType',			'TERRAIN_DESERT_HILLS'),
		('P0K_TRAIT_CAMPUS_DESERT_HILLS_SCIENCE',						'YieldType',			'YIELD_SCIENCE'),
		('P0K_TRAIT_CAMPUS_DESERT_HILLS_SCIENCE',						'Amount',				1),
		('P0K_TRAIT_CAMPUS_DESERT_HILLS_SCIENCE',						'TilesRequired',		2),
		('P0K_TRAIT_CAMPUS_DESERT_HILLS_SCIENCE',						'Description',			'LOC_P0K_INCA_HILLS_SCIENCE'),
		('P0K_TRAIT_CAMPUS_TUNDRA_HILLS_SCIENCE',						'DistrictType',			'DISTRICT_CAMPUS'),
		('P0K_TRAIT_CAMPUS_TUNDRA_HILLS_SCIENCE',						'TerrainType',			'TERRAIN_TUNDRA_HILLS'),
		('P0K_TRAIT_CAMPUS_TUNDRA_HILLS_SCIENCE',						'YieldType',			'YIELD_SCIENCE'),
		('P0K_TRAIT_CAMPUS_TUNDRA_HILLS_SCIENCE',						'Amount',				1),
		('P0K_TRAIT_CAMPUS_TUNDRA_HILLS_SCIENCE',						'TilesRequired',		2),
		('P0K_TRAIT_CAMPUS_TUNDRA_HILLS_SCIENCE',						'Description',			'LOC_P0K_INCA_HILLS_SCIENCE'),
		('P0K_TRAIT_CAMPUS_SNOW_HILLS_SCIENCE',							'DistrictType',			'DISTRICT_CAMPUS'),
		('P0K_TRAIT_CAMPUS_SNOW_HILLS_SCIENCE',							'TerrainType',			'TERRAIN_SNOW_HILLS'),
		('P0K_TRAIT_CAMPUS_SNOW_HILLS_SCIENCE',							'YieldType',			'YIELD_SCIENCE'),
		('P0K_TRAIT_CAMPUS_SNOW_HILLS_SCIENCE',							'Amount',				1),
		('P0K_TRAIT_CAMPUS_SNOW_HILLS_SCIENCE',							'TilesRequired',		2),
		('P0K_TRAIT_CAMPUS_SNOW_HILLS_SCIENCE',							'Description',			'LOC_P0K_INCA_HILLS_SCIENCE'),
		('P0K_TRAIT_THEATER_GRASS_HILLS_CULTURE',						'DistrictType',			'DISTRICT_THEATER'),
		('P0K_TRAIT_THEATER_GRASS_HILLS_CULTURE',						'TerrainType',			'TERRAIN_GRASS_HILLS'),
		('P0K_TRAIT_THEATER_GRASS_HILLS_CULTURE',						'YieldType',			'YIELD_CULTURE'),
		('P0K_TRAIT_THEATER_GRASS_HILLS_CULTURE',						'Amount',				1),
		('P0K_TRAIT_THEATER_GRASS_HILLS_CULTURE',						'TilesRequired',		2),
		('P0K_TRAIT_THEATER_GRASS_HILLS_CULTURE',						'Description',			'LOC_P0K_INCA_HILLS_CULTURE'),
		('P0K_TRAIT_THEATER_PLAINS_HILLS_CULTURE',						'DistrictType',			'DISTRICT_THEATER'),
		('P0K_TRAIT_THEATER_PLAINS_HILLS_CULTURE',						'TerrainType',			'TERRAIN_PLAINS_HILLS'),
		('P0K_TRAIT_THEATER_PLAINS_HILLS_CULTURE',						'YieldType',			'YIELD_CULTURE'),
		('P0K_TRAIT_THEATER_PLAINS_HILLS_CULTURE',						'Amount',				1),
		('P0K_TRAIT_THEATER_PLAINS_HILLS_CULTURE',						'TilesRequired',		2),
		('P0K_TRAIT_THEATER_PLAINS_HILLS_CULTURE',						'Description',			'LOC_P0K_INCA_HILLS_CULTURE'),
		('P0K_TRAIT_THEATER_DESERT_HILLS_CULTURE',						'DistrictType',			'DISTRICT_THEATER'),
		('P0K_TRAIT_THEATER_DESERT_HILLS_CULTURE',						'TerrainType',			'TERRAIN_DESERT_HILLS'),
		('P0K_TRAIT_THEATER_DESERT_HILLS_CULTURE',						'YieldType',			'YIELD_CULTURE'),
		('P0K_TRAIT_THEATER_DESERT_HILLS_CULTURE',						'Amount',				1),
		('P0K_TRAIT_THEATER_DESERT_HILLS_CULTURE',						'TilesRequired',		2),
		('P0K_TRAIT_THEATER_DESERT_HILLS_CULTURE',						'Description',			'LOC_P0K_INCA_HILLS_CULTURE'),
		('P0K_TRAIT_THEATER_TUNDRA_HILLS_CULTURE',						'DistrictType',			'DISTRICT_THEATER'),
		('P0K_TRAIT_THEATER_TUNDRA_HILLS_CULTURE',						'TerrainType',			'TERRAIN_TUNDRA_HILLS'),
		('P0K_TRAIT_THEATER_TUNDRA_HILLS_CULTURE',						'YieldType',			'YIELD_CULTURE'),
		('P0K_TRAIT_THEATER_TUNDRA_HILLS_CULTURE',						'Amount',				1),
		('P0K_TRAIT_THEATER_TUNDRA_HILLS_CULTURE',						'TilesRequired',		2),
		('P0K_TRAIT_THEATER_TUNDRA_HILLS_CULTURE',						'Description',			'LOC_P0K_INCA_HILLS_CULTURE'),
		('P0K_TRAIT_THEATER_SNOW_HILLS_CULTURE',						'DistrictType',			'DISTRICT_THEATER'),
		('P0K_TRAIT_THEATER_SNOW_HILLS_CULTURE',						'TerrainType',			'TERRAIN_SNOW_HILLS'),
		('P0K_TRAIT_THEATER_SNOW_HILLS_CULTURE',						'YieldType',			'YIELD_CULTURE'),
		('P0K_TRAIT_THEATER_SNOW_HILLS_CULTURE',						'Amount',				1),
		('P0K_TRAIT_THEATER_SNOW_HILLS_CULTURE',						'TilesRequired',		2),
		('P0K_TRAIT_THEATER_SNOW_HILLS_CULTURE',						'Description',			'LOC_P0K_INCA_HILLS_CULTURE'),
		('P0K_TRAIT_HOLY_SITE_GRASS_HILLS_FAITH',						'DistrictType',			'DISTRICT_HOLY_SITE'),
		('P0K_TRAIT_HOLY_SITE_GRASS_HILLS_FAITH',						'TerrainType',			'TERRAIN_GRASS_HILLS'),
		('P0K_TRAIT_HOLY_SITE_GRASS_HILLS_FAITH',						'YieldType',			'YIELD_FAITH'),
		('P0K_TRAIT_HOLY_SITE_GRASS_HILLS_FAITH',						'Amount',				1),
		('P0K_TRAIT_HOLY_SITE_GRASS_HILLS_FAITH',						'TilesRequired',		2),
		('P0K_TRAIT_HOLY_SITE_GRASS_HILLS_FAITH',						'Description',			'LOC_P0K_INCA_HILLS_FAITH'),
		('P0K_TRAIT_HOLY_SITE_PLAINS_HILLS_FAITH',						'DistrictType',			'DISTRICT_HOLY_SITE'),
		('P0K_TRAIT_HOLY_SITE_PLAINS_HILLS_FAITH',						'TerrainType',			'TERRAIN_PLAINS_HILLS'),
		('P0K_TRAIT_HOLY_SITE_PLAINS_HILLS_FAITH',						'YieldType',			'YIELD_FAITH'),
		('P0K_TRAIT_HOLY_SITE_PLAINS_HILLS_FAITH',						'Amount',				1),
		('P0K_TRAIT_HOLY_SITE_PLAINS_HILLS_FAITH',						'TilesRequired',		2),
		('P0K_TRAIT_HOLY_SITE_PLAINS_HILLS_FAITH',						'Description',			'LOC_P0K_INCA_HILLS_FAITH'),
		('P0K_TRAIT_HOLY_SITE_DESERT_HILLS_FAITH',						'DistrictType',			'DISTRICT_HOLY_SITE'),
		('P0K_TRAIT_HOLY_SITE_DESERT_HILLS_FAITH',						'TerrainType',			'TERRAIN_DESERT_HILLS'),
		('P0K_TRAIT_HOLY_SITE_DESERT_HILLS_FAITH',						'YieldType',			'YIELD_FAITH'),
		('P0K_TRAIT_HOLY_SITE_DESERT_HILLS_FAITH',						'Amount',				1),
		('P0K_TRAIT_HOLY_SITE_DESERT_HILLS_FAITH',						'TilesRequired',		2),
		('P0K_TRAIT_HOLY_SITE_DESERT_HILLS_FAITH',						'Description',			'LOC_P0K_INCA_HILLS_FAITH'),
		('P0K_TRAIT_HOLY_SITE_TUNDRA_HILLS_FAITH',						'DistrictType',			'DISTRICT_HOLY_SITE'),
		('P0K_TRAIT_HOLY_SITE_TUNDRA_HILLS_FAITH',						'TerrainType',			'TERRAIN_TUNDRA_HILLS'),
		('P0K_TRAIT_HOLY_SITE_TUNDRA_HILLS_FAITH',						'YieldType',			'YIELD_FAITH'),
		('P0K_TRAIT_HOLY_SITE_TUNDRA_HILLS_FAITH',						'Amount',				1),
		('P0K_TRAIT_HOLY_SITE_TUNDRA_HILLS_FAITH',						'TilesRequired',		2),
		('P0K_TRAIT_HOLY_SITE_TUNDRA_HILLS_FAITH',						'Description',			'LOC_P0K_INCA_HILLS_FAITH'),
		('P0K_TRAIT_HOLY_SITE_SNOW_HILLS_FAITH',						'DistrictType',			'DISTRICT_HOLY_SITE'),
		('P0K_TRAIT_HOLY_SITE_SNOW_HILLS_FAITH',						'TerrainType',			'TERRAIN_SNOW_HILLS'),
		('P0K_TRAIT_HOLY_SITE_SNOW_HILLS_FAITH',						'YieldType',			'YIELD_FAITH'),
		('P0K_TRAIT_HOLY_SITE_SNOW_HILLS_FAITH',						'Amount',				1),
		('P0K_TRAIT_HOLY_SITE_SNOW_HILLS_FAITH',						'TilesRequired',		2),
		('P0K_TRAIT_HOLY_SITE_SNOW_HILLS_FAITH',						'Description',			'LOC_P0K_INCA_HILLS_FAITH'),
		('P0K_TRAIT_INDUSTRIAL_ZONE_GRASS_HILLS_PRODUCTION',			'DistrictType',			'DISTRICT_INDUSTRIAL_ZONE'),
		('P0K_TRAIT_INDUSTRIAL_ZONE_GRASS_HILLS_PRODUCTION',			'TerrainType',			'TERRAIN_GRASS_HILLS'),
		('P0K_TRAIT_INDUSTRIAL_ZONE_GRASS_HILLS_PRODUCTION',			'YieldType',			'YIELD_PRODUCTION'),
		('P0K_TRAIT_INDUSTRIAL_ZONE_GRASS_HILLS_PRODUCTION',			'Amount',				1),
		('P0K_TRAIT_INDUSTRIAL_ZONE_GRASS_HILLS_PRODUCTION',			'TilesRequired',		2),
		('P0K_TRAIT_INDUSTRIAL_ZONE_GRASS_HILLS_PRODUCTION',			'Description',			'LOC_P0K_INCA_HILLS_PRODUCTION'),
		('P0K_TRAIT_INDUSTRIAL_ZONE_PLAINS_HILLS_PRODUCTION',			'DistrictType',			'DISTRICT_INDUSTRIAL_ZONE'),
		('P0K_TRAIT_INDUSTRIAL_ZONE_PLAINS_HILLS_PRODUCTION',			'TerrainType',			'TERRAIN_PLAINS_HILLS'),
		('P0K_TRAIT_INDUSTRIAL_ZONE_PLAINS_HILLS_PRODUCTION',			'YieldType',			'YIELD_PRODUCTION'),
		('P0K_TRAIT_INDUSTRIAL_ZONE_PLAINS_HILLS_PRODUCTION',			'Amount',				1),
		('P0K_TRAIT_INDUSTRIAL_ZONE_PLAINS_HILLS_PRODUCTION',			'TilesRequired',		2),
		('P0K_TRAIT_INDUSTRIAL_ZONE_PLAINS_HILLS_PRODUCTION',			'Description',			'LOC_P0K_INCA_HILLS_PRODUCTION'),
		('P0K_TRAIT_INDUSTRIAL_ZONE_DESERT_HILLS_PRODUCTION',			'DistrictType',			'DISTRICT_INDUSTRIAL_ZONE'),
		('P0K_TRAIT_INDUSTRIAL_ZONE_DESERT_HILLS_PRODUCTION',			'TerrainType',			'TERRAIN_DESERT_HILLS'),
		('P0K_TRAIT_INDUSTRIAL_ZONE_DESERT_HILLS_PRODUCTION',			'YieldType',			'YIELD_PRODUCTION'),
		('P0K_TRAIT_INDUSTRIAL_ZONE_DESERT_HILLS_PRODUCTION',			'Amount',				1),
		('P0K_TRAIT_INDUSTRIAL_ZONE_DESERT_HILLS_PRODUCTION',			'TilesRequired',		2),
		('P0K_TRAIT_INDUSTRIAL_ZONE_DESERT_HILLS_PRODUCTION',			'Description',			'LOC_P0K_INCA_HILLS_PRODUCTION'),
		('P0K_TRAIT_INDUSTRIAL_ZONE_TUNDRA_HILLS_PRODUCTION',			'DistrictType',			'DISTRICT_INDUSTRIAL_ZONE'),
		('P0K_TRAIT_INDUSTRIAL_ZONE_TUNDRA_HILLS_PRODUCTION',			'TerrainType',			'TERRAIN_TUNDRA_HILLS'),
		('P0K_TRAIT_INDUSTRIAL_ZONE_TUNDRA_HILLS_PRODUCTION',			'YieldType',			'YIELD_PRODUCTION'),
		('P0K_TRAIT_INDUSTRIAL_ZONE_TUNDRA_HILLS_PRODUCTION',			'Amount',				1),
		('P0K_TRAIT_INDUSTRIAL_ZONE_TUNDRA_HILLS_PRODUCTION',			'TilesRequired',		2),
		('P0K_TRAIT_INDUSTRIAL_ZONE_TUNDRA_HILLS_PRODUCTION',			'Description',			'LOC_P0K_INCA_HILLS_PRODUCTION'),
		('P0K_TRAIT_INDUSTRIAL_ZONE_SNOW_HILLS_PRODUCTION',				'DistrictType',			'DISTRICT_INDUSTRIAL_ZONE'),
		('P0K_TRAIT_INDUSTRIAL_ZONE_SNOW_HILLS_PRODUCTION',				'TerrainType',			'TERRAIN_SNOW_HILLS'),
		('P0K_TRAIT_INDUSTRIAL_ZONE_SNOW_HILLS_PRODUCTION',				'YieldType',			'YIELD_PRODUCTION'),
		('P0K_TRAIT_INDUSTRIAL_ZONE_SNOW_HILLS_PRODUCTION',				'Amount',				1),
		('P0K_TRAIT_INDUSTRIAL_ZONE_SNOW_HILLS_PRODUCTION',				'TilesRequired',		2),
		('P0K_TRAIT_INDUSTRIAL_ZONE_SNOW_HILLS_PRODUCTION',				'Description',			'LOC_P0K_INCA_HILLS_PRODUCTION'),
		('P0K_TRAIT_HARBOR_GRASS_HILLS_GOLD',							'DistrictType',			'DISTRICT_HARBOR'),
		('P0K_TRAIT_HARBOR_GRASS_HILLS_GOLD',							'TerrainType',			'TERRAIN_GRASS_HILLS'),
		('P0K_TRAIT_HARBOR_GRASS_HILLS_GOLD',							'YieldType',			'YIELD_GOLD'),
		('P0K_TRAIT_HARBOR_GRASS_HILLS_GOLD',							'Amount',				1),
		('P0K_TRAIT_HARBOR_GRASS_HILLS_GOLD',							'TilesRequired',		2),
		('P0K_TRAIT_HARBOR_GRASS_HILLS_GOLD',							'Description',			'LOC_P0K_INCA_HILLS_GOLD'),
		('P0K_TRAIT_HARBOR_PLAINS_HILLS_GOLD',							'DistrictType',			'DISTRICT_HARBOR'),
		('P0K_TRAIT_HARBOR_PLAINS_HILLS_GOLD',							'TerrainType',			'TERRAIN_PLAINS_HILLS'),
		('P0K_TRAIT_HARBOR_PLAINS_HILLS_GOLD',							'YieldType',			'YIELD_GOLD'),
		('P0K_TRAIT_HARBOR_PLAINS_HILLS_GOLD',							'Amount',				1),
		('P0K_TRAIT_HARBOR_PLAINS_HILLS_GOLD',							'TilesRequired',		2),
		('P0K_TRAIT_HARBOR_PLAINS_HILLS_GOLD',							'Description',			'LOC_P0K_INCA_HILLS_GOLD'),
		('P0K_TRAIT_HARBOR_DESERT_HILLS_GOLD',							'DistrictType',			'DISTRICT_HARBOR'),
		('P0K_TRAIT_HARBOR_DESERT_HILLS_GOLD',							'TerrainType',			'TERRAIN_DESERT_HILLS'),
		('P0K_TRAIT_HARBOR_DESERT_HILLS_GOLD',							'YieldType',			'YIELD_GOLD'),
		('P0K_TRAIT_HARBOR_DESERT_HILLS_GOLD',							'Amount',				1),
		('P0K_TRAIT_HARBOR_DESERT_HILLS_GOLD',							'TilesRequired',		2),
		('P0K_TRAIT_HARBOR_DESERT_HILLS_GOLD',							'Description',			'LOC_P0K_INCA_HILLS_GOLD'),
		('P0K_TRAIT_HARBOR_TUNDRA_HILLS_GOLD',							'DistrictType',			'DISTRICT_HARBOR'),
		('P0K_TRAIT_HARBOR_TUNDRA_HILLS_GOLD',							'TerrainType',			'TERRAIN_TUNDRA_HILLS'),
		('P0K_TRAIT_HARBOR_TUNDRA_HILLS_GOLD',							'YieldType',			'YIELD_GOLD'),
		('P0K_TRAIT_HARBOR_TUNDRA_HILLS_GOLD',							'Amount',				1),
		('P0K_TRAIT_HARBOR_TUNDRA_HILLS_GOLD',							'TilesRequired',		2),
		('P0K_TRAIT_HARBOR_TUNDRA_HILLS_GOLD',							'Description',			'LOC_P0K_INCA_HILLS_GOLD'),
		('P0K_TRAIT_HARBOR_SNOW_HILLS_GOLD',							'DistrictType',			'DISTRICT_HARBOR'),
		('P0K_TRAIT_HARBOR_SNOW_HILLS_GOLD',							'TerrainType',			'TERRAIN_SNOW_HILLS'),
		('P0K_TRAIT_HARBOR_SNOW_HILLS_GOLD',							'YieldType',			'YIELD_GOLD'),
		('P0K_TRAIT_HARBOR_SNOW_HILLS_GOLD',							'Amount',				1),
		('P0K_TRAIT_HARBOR_SNOW_HILLS_GOLD',							'TilesRequired',		2),
		('P0K_TRAIT_HARBOR_SNOW_HILLS_GOLD',							'Description',			'LOC_P0K_INCA_HILLS_GOLD'),
		('P0K_TRAIT_COMMERCIAL_HUB_GRASS_HILLS_GOLD',					'DistrictType',			'DISTRICT_COMMERCIAL_HUB'),
		('P0K_TRAIT_COMMERCIAL_HUB_GRASS_HILLS_GOLD',					'TerrainType',			'TERRAIN_GRASS_HILLS'),
		('P0K_TRAIT_COMMERCIAL_HUB_GRASS_HILLS_GOLD',					'YieldType',			'YIELD_GOLD'),
		('P0K_TRAIT_COMMERCIAL_HUB_GRASS_HILLS_GOLD',					'Amount',				1),
		('P0K_TRAIT_COMMERCIAL_HUB_GRASS_HILLS_GOLD',					'TilesRequired',		2),
		('P0K_TRAIT_COMMERCIAL_HUB_GRASS_HILLS_GOLD',					'Description',			'LOC_P0K_INCA_HILLS_GOLD'),
		('P0K_TRAIT_COMMERCIAL_HUB_PLAINS_HILLS_GOLD',					'DistrictType',			'DISTRICT_COMMERCIAL_HUB'),
		('P0K_TRAIT_COMMERCIAL_HUB_PLAINS_HILLS_GOLD',					'TerrainType',			'TERRAIN_PLAINS_HILLS'),
		('P0K_TRAIT_COMMERCIAL_HUB_PLAINS_HILLS_GOLD',					'YieldType',			'YIELD_GOLD'),
		('P0K_TRAIT_COMMERCIAL_HUB_PLAINS_HILLS_GOLD',					'Amount',				1),
		('P0K_TRAIT_COMMERCIAL_HUB_PLAINS_HILLS_GOLD',					'TilesRequired',		2),
		('P0K_TRAIT_COMMERCIAL_HUB_PLAINS_HILLS_GOLD',					'Description',			'LOC_P0K_INCA_HILLS_GOLD'),
		('P0K_TRAIT_COMMERCIAL_HUB_DESERT_HILLS_GOLD',					'DistrictType',			'DISTRICT_COMMERCIAL_HUB'),
		('P0K_TRAIT_COMMERCIAL_HUB_DESERT_HILLS_GOLD',					'TerrainType',			'TERRAIN_DESERT_HILLS'),
		('P0K_TRAIT_COMMERCIAL_HUB_DESERT_HILLS_GOLD',					'YieldType',			'YIELD_GOLD'),
		('P0K_TRAIT_COMMERCIAL_HUB_DESERT_HILLS_GOLD',					'Amount',				1),
		('P0K_TRAIT_COMMERCIAL_HUB_DESERT_HILLS_GOLD',					'TilesRequired',		2),
		('P0K_TRAIT_COMMERCIAL_HUB_DESERT_HILLS_GOLD',					'Description',			'LOC_P0K_INCA_HILLS_GOLD'),
		('P0K_TRAIT_COMMERCIAL_HUB_TUNDRA_HILLS_GOLD',					'DistrictType',			'DISTRICT_COMMERCIAL_HUB'),
		('P0K_TRAIT_COMMERCIAL_HUB_TUNDRA_HILLS_GOLD',					'TerrainType',			'TERRAIN_TUNDRA_HILLS'),
		('P0K_TRAIT_COMMERCIAL_HUB_TUNDRA_HILLS_GOLD',					'YieldType',			'YIELD_GOLD'),
		('P0K_TRAIT_COMMERCIAL_HUB_TUNDRA_HILLS_GOLD',					'Amount',				1),
		('P0K_TRAIT_COMMERCIAL_HUB_TUNDRA_HILLS_GOLD',					'TilesRequired',		2),
		('P0K_TRAIT_COMMERCIAL_HUB_TUNDRA_HILLS_GOLD',					'Description',			'LOC_P0K_INCA_HILLS_GOLD'),
		('P0K_TRAIT_COMMERCIAL_HUB_SNOW_HILLS_GOLD',					'DistrictType',			'DISTRICT_COMMERCIAL_HUB'),
		('P0K_TRAIT_COMMERCIAL_HUB_SNOW_HILLS_GOLD',					'TerrainType',			'TERRAIN_SNOW_HILLS'),
		('P0K_TRAIT_COMMERCIAL_HUB_SNOW_HILLS_GOLD',					'YieldType',			'YIELD_GOLD'),
		('P0K_TRAIT_COMMERCIAL_HUB_SNOW_HILLS_GOLD',					'Amount',				1),
		('P0K_TRAIT_COMMERCIAL_HUB_SNOW_HILLS_GOLD',					'TilesRequired',		2),
		('P0K_TRAIT_COMMERCIAL_HUB_SNOW_HILLS_GOLD',					'Description',			'LOC_P0K_INCA_HILLS_GOLD'),
		('P0K_TRAIT_TRADER_ENGINEER_POINT',								'ModifierId',			'P0K_TRAIT_TRADER_ENGINEER_POINT_MODIFIER'),
		('P0K_TRAIT_TRADER_ENGINEER_POINT_MODIFIER',					'GreatPersonClassType',	'GREAT_PERSON_CLASS_ENGINEER'),
		('P0K_TRAIT_TRADER_ENGINEER_POINT_MODIFIER',					'Amount',				1),
		('P0K_EARTHSHAKER_HILLS_MOVEMENT',								'Ignore',				1),
		('P0K_EARTHSHAKER_HILLS_MOVEMENT',								'Type',					'HILLS'),
		('P0K_TRAIT_HILLS_BONUS_MOVEMENT_ABILITY',						'AbilityType',			'P0K_INCA_ABILITY_EARTHSHAKER');
---------------------------------------------------------------------------------------------------------------
-- UnitAbilityModifiers
---------------------------------------------------------------------------------------------------------------
INSERT INTO UnitAbilityModifiers
		(UnitAbilityType,					ModifierId)
VALUES	('P0K_INCA_ABILITY_EARTHSHAKER',	'P0K_EARTHSHAKER_HILLS_MOVEMENT');
---------------------------------------------------------------------------------------------------------------
-- TraitModifiers
---------------------------------------------------------------------------------------------------------------
INSERT INTO TraitModifiers
		(TraitType,								ModifierId)
VALUES	('TRAIT_LEADER_PACHACUTI_QHAPAQ_NAN',	'P0K_TRAIT_DOMESTIC_TRADE_ROUTE_PRODUCTION_DESERT_MOUNTAIN'),
		('TRAIT_LEADER_PACHACUTI_QHAPAQ_NAN',	'P0K_TRAIT_DOMESTIC_TRADE_ROUTE_PRODUCTION_GRASS_MOUNTAIN'),
		('TRAIT_LEADER_PACHACUTI_QHAPAQ_NAN',	'P0K_TRAIT_DOMESTIC_TRADE_ROUTE_PRODUCTION_PLAINS_MOUNTAIN'),
		('TRAIT_LEADER_PACHACUTI_QHAPAQ_NAN',	'P0K_TRAIT_DOMESTIC_TRADE_ROUTE_PRODUCTION_SNOW_MOUNTAIN'),
		('TRAIT_LEADER_PACHACUTI_QHAPAQ_NAN',	'P0K_TRAIT_DOMESTIC_TRADE_ROUTE_PRODUCTION_TUNDRA_MOUNTAIN'),
		('TRAIT_LEADER_PACHACUTI_QHAPAQ_NAN',	'P0K_TRAIT_CAMPUS_GRASS_HILLS_SCIENCE'),
		('TRAIT_LEADER_PACHACUTI_QHAPAQ_NAN',	'P0K_TRAIT_CAMPUS_PLAINS_HILLS_SCIENCE'),
		('TRAIT_LEADER_PACHACUTI_QHAPAQ_NAN',	'P0K_TRAIT_CAMPUS_DESERT_HILLS_SCIENCE'),
		('TRAIT_LEADER_PACHACUTI_QHAPAQ_NAN',	'P0K_TRAIT_CAMPUS_TUNDRA_HILLS_SCIENCE'),
		('TRAIT_LEADER_PACHACUTI_QHAPAQ_NAN',	'P0K_TRAIT_CAMPUS_SNOW_HILLS_SCIENCE'),
		('TRAIT_LEADER_PACHACUTI_QHAPAQ_NAN',	'P0K_TRAIT_THEATER_GRASS_HILLS_CULTURE'),
		('TRAIT_LEADER_PACHACUTI_QHAPAQ_NAN',	'P0K_TRAIT_THEATER_PLAINS_HILLS_CULTURE'),
		('TRAIT_LEADER_PACHACUTI_QHAPAQ_NAN',	'P0K_TRAIT_THEATER_DESERT_HILLS_CULTURE'),
		('TRAIT_LEADER_PACHACUTI_QHAPAQ_NAN',	'P0K_TRAIT_THEATER_TUNDRA_HILLS_CULTURE'),
		('TRAIT_LEADER_PACHACUTI_QHAPAQ_NAN',	'P0K_TRAIT_THEATER_SNOW_HILLS_CULTURE'),
		('TRAIT_LEADER_PACHACUTI_QHAPAQ_NAN',	'P0K_TRAIT_HOLY_SITE_GRASS_HILLS_FAITH'),
		('TRAIT_LEADER_PACHACUTI_QHAPAQ_NAN',	'P0K_TRAIT_HOLY_SITE_PLAINS_HILLS_FAITH'),
		('TRAIT_LEADER_PACHACUTI_QHAPAQ_NAN',	'P0K_TRAIT_HOLY_SITE_DESERT_HILLS_FAITH'),
		('TRAIT_LEADER_PACHACUTI_QHAPAQ_NAN',	'P0K_TRAIT_HOLY_SITE_TUNDRA_HILLS_FAITH'),
		('TRAIT_LEADER_PACHACUTI_QHAPAQ_NAN',	'P0K_TRAIT_HOLY_SITE_SNOW_HILLS_FAITH'),
		('TRAIT_LEADER_PACHACUTI_QHAPAQ_NAN',	'P0K_TRAIT_INDUSTRIAL_ZONE_GRASS_HILLS_PRODUCTION'),
		('TRAIT_LEADER_PACHACUTI_QHAPAQ_NAN',	'P0K_TRAIT_INDUSTRIAL_ZONE_PLAINS_HILLS_PRODUCTION'),
		('TRAIT_LEADER_PACHACUTI_QHAPAQ_NAN',	'P0K_TRAIT_INDUSTRIAL_ZONE_DESERT_HILLS_PRODUCTION'),
		('TRAIT_LEADER_PACHACUTI_QHAPAQ_NAN',	'P0K_TRAIT_INDUSTRIAL_ZONE_TUNDRA_HILLS_PRODUCTION'),
		('TRAIT_LEADER_PACHACUTI_QHAPAQ_NAN',	'P0K_TRAIT_INDUSTRIAL_ZONE_SNOW_HILLS_PRODUCTION'),
		('TRAIT_LEADER_PACHACUTI_QHAPAQ_NAN',	'P0K_TRAIT_HARBOR_GRASS_HILLS_GOLD'),
		('TRAIT_LEADER_PACHACUTI_QHAPAQ_NAN',	'P0K_TRAIT_HARBOR_PLAINS_HILLS_GOLD'),
		('TRAIT_LEADER_PACHACUTI_QHAPAQ_NAN',	'P0K_TRAIT_HARBOR_DESERT_HILLS_GOLD'),
		('TRAIT_LEADER_PACHACUTI_QHAPAQ_NAN',	'P0K_TRAIT_HARBOR_TUNDRA_HILLS_GOLD'),
		('TRAIT_LEADER_PACHACUTI_QHAPAQ_NAN',	'P0K_TRAIT_HARBOR_SNOW_HILLS_GOLD'),
		('TRAIT_LEADER_PACHACUTI_QHAPAQ_NAN',	'P0K_TRAIT_COMMERCIAL_HUB_GRASS_HILLS_GOLD'),
		('TRAIT_LEADER_PACHACUTI_QHAPAQ_NAN',	'P0K_TRAIT_COMMERCIAL_HUB_PLAINS_HILLS_GOLD'),
		('TRAIT_LEADER_PACHACUTI_QHAPAQ_NAN',	'P0K_TRAIT_COMMERCIAL_HUB_DESERT_HILLS_GOLD'),
		('TRAIT_LEADER_PACHACUTI_QHAPAQ_NAN',	'P0K_TRAIT_COMMERCIAL_HUB_TUNDRA_HILLS_GOLD'),
		('TRAIT_LEADER_PACHACUTI_QHAPAQ_NAN',	'P0K_TRAIT_COMMERCIAL_HUB_SNOW_HILLS_GOLD'),
		('TRAIT_LEADER_PACHACUTI_QHAPAQ_NAN',	'P0K_TRAIT_TRADER_ENGINEER_POINT'),
		('TRAIT_LEADER_PACHACUTI_QHAPAQ_NAN',	'P0K_TRAIT_HILLS_BONUS_MOVEMENT_ABILITY');
--=============================================================================================================
-- LEADER UNIQUE IMPROVEMENT: QHAPAQ NAN (ENHANCEMENT)
--=============================================================================================================
-- +1 Gold.
--=============================================================================================================
-- Improvement_YieldChanges
---------------------------------------------------------------------------------------------------------------
INSERT INTO Improvement_YieldChanges
		(ImprovementType,				YieldType,		YieldChange)
VALUES	('IMPROVEMENT_MOUNTAIN_ROAD',	'YIELD_GOLD',	1);
--=============================================================================================================
-- UNIQUE IMPROVEMENT: TERRACE FARM (ENHANCEMENT)
--=============================================================================================================
-- Remove the "not adjacent to an Aqueduct" requirement for the +1 Production from adjacent fresh water.
-- +0.5 Housing at Civil Engineering.
-- +1 Production at Feudalism.
-- Tourism equal to Food production at Flight.
-- Can be placed on Tundra Hills.
--=============================================================================================================
-- RequirementSetRequirements
---------------------------------------------------------------------------------------------------------------
DELETE FROM RequirementSetRequirements WHERE RequirementSetId = 'PLOT_IS_ADJACENT_TO_FRESH_WATER_NOT_AQUEDUCT' 
AND RequirementId = 'REQUIRES_NOT_ADJACENT_TO_AQUEDUCT';
---------------------------------------------------------------------------------------------------------------
-- Modifiers
---------------------------------------------------------------------------------------------------------------
INSERT INTO Modifiers
		(ModifierId,							ModifierType,										SubjectRequirementSetId)
VALUES	('P0K_TERRACE_FARM_HOUSING_WITH_CIVIC',	'MODIFIER_SINGLE_CITY_ADJUST_IMPROVEMENT_HOUSING',	'PLAYER_HAS_CIVIL_ENGINEERING');		
---------------------------------------------------------------------------------------------------------------
-- ImprovementModifiers
---------------------------------------------------------------------------------------------------------------
INSERT INTO ImprovementModifiers
		(ImprovementType,				ModifierID)
VALUES	('IMPROVEMENT_TERRACE_FARM',	'P0K_TERRACE_FARM_HOUSING_WITH_CIVIC');
---------------------------------------------------------------------------------------------------------------
-- Improvement_BonusYieldChanges
---------------------------------------------------------------------------------------------------------------
INSERT INTO Improvement_BonusYieldChanges
		(Id,	ImprovementType,			YieldType,			BonusYieldChange,	PrereqCivic)
VALUES	(77,	'IMPROVEMENT_TERRACE_FARM',	'YIELD_PRODUCTION',	1,					'CIVIC_FEUDALISM');
---------------------------------------------------------------------------------------------------------------
-- Improvement_Tourism
---------------------------------------------------------------------------------------------------------------
INSERT INTO Improvement_Tourism
		(ImprovementType,				TourismSource,			PrereqTech,		ScalingFactor)
VALUES	('IMPROVEMENT_TERRACE_FARM',	'TOURISMSOURCE_FOOD',	'TECH_FLIGHT',	100);
---------------------------------------------------------------------------------------------------------------
-- Improvement_ValidTerrains
---------------------------------------------------------------------------------------------------------------
INSERT INTO Improvement_ValidTerrains
		(ImprovementType,				TerrainType)
VALUES	('IMPROVEMENT_TERRACE_FARM',	'TERRAIN_TUNDRA_HILLS');